0,1,2,3,4,5,6,7,8,9,10,11,12,13,14,15,16,17,18,19,20,21,22,23,24,25,26,27,28,29,30,31,32,33,34,35,36,37,38,39,40,41,42,43,44,45,46,47,48,49,50,51,52,53,54,55,56,57,58,59,60,61,62,63,64,65,66,67,68,69,70,71,72,73,74,75,76,77,78,79,80,81,82,83,84,85,86,87,88,89,90,91,92,93,94,95,96,97,98,99,100,101,102,103,104,105,106,107,108,109,110,111,112,113,114,115,116,117,118,119,120,121,122,123,124,125,126,127,128,129,130,131,132,133,134,135,136,137,138,139,140,141,142,143,144,145,146,147,148,149,150,151,152,153,154,155,156,157,158,159,160,161,162,163,164,165,166,167,168,169,170,171,172,173,174,175,176,177,178,179,180,181,182,183,184,185,186,187,188,189,190,191,192,193,194,195,196,197,198,199,200,201,202,203,204,205,206,207,208,209,210,211,212,213,214,215,216,217,218,219,220,221
0.0,21.0,62.0,86.0,302.0,542.0,825.0,1011.0,1019.0,1204.0,1034.0,971.0,874.0,736.0,685.0,595.0,470.0,561.0,422.0,451.0,412.0,354.0,425.0,395.0,352.0,374.0,364.0,442.0,432.0,421.0,484.0,514.0,438.0,462.0,421.0,469.0,308.0,372.0,384.0,409.0,374.0,365.0,403.0,588.0,506.0,510.0,438.0,563.0,621.0,627.0,684.0,697.0,633.0,604.0,490.0,438.0,382.0,301.0,343.0,247.0,252.0,191.0,143.0,110.0,111.0,125.0,80.0,105.0,69.0,72.0,33.0,5.0,0.0,0.0,0.0,21.0,62.0,86.0,302.0,542.0,825.0,1011.0,1019.0,1204.0,1034.0,971.0,874.0,736.0,685.0,595.0,470.0,561.0,422.0,451.0,412.0,354.0,425.0,395.0,352.0,374.0,364.0,442.0,432.0,421.0,484.0,514.0,438.0,462.0,421.0,469.0,308.0,372.0,384.0,409.0,374.0,365.0,403.0,588.0,506.0,510.0,438.0,563.0,621.0,627.0,684.0,697.0,633.0,604.0,490.0,438.0,382.0,301.0,343.0,247.0,252.0,191.0,143.0,110.0,111.0,125.0,80.0,105.0,69.0,72.0,33.0,5.0,0.0,0.0,0.0,21.0,62.0,86.0,302.0,542.0,825.0,1011.0,1019.0,1204.0,1034.0,971.0,874.0,736.0,685.0,595.0,470.0,561.0,422.0,451.0,412.0,354.0,425.0,395.0,352.0,374.0,364.0,442.0,432.0,421.0,484.0,514.0,438.0,462.0,421.0,469.0,308.0,372.0,384.0,409.0,374.0,365.0,403.0,588.0,506.0,510.0,438.0,563.0,621.0,627.0,684.0,697.0,633.0,604.0,490.0,438.0,382.0,301.0,343.0,247.0,252.0,191.0,143.0,110.0,111.0,125.0,80.0,105.0,69.0,72.0,33.0,5.0,0.0,0.0
0.0,11.0,70.0,103.0,195.0,291.0,390.0,562.0,722.0,695.0,644.0,502.0,400.0,319.0,262.0,194.0,182.0,195.0,182.0,179.0,155.0,161.0,147.0,129.0,157.0,146.0,134.0,148.0,144.0,171.0,187.0,188.0,190.0,176.0,157.0,213.0,147.0,163.0,180.0,183.0,191.0,176.0,143.0,186.0,178.0,182.0,157.0,200.0,230.0,263.0,305.0,312.0,281.0,201.0,248.0,233.0,187.0,163.0,159.0,129.0,111.0,91.0,79.0,129.0,120.0,94.0,119.0,133.0,75.0,30.0,25.0,7.0,2.0,1.0,0.0,11.0,70.0,103.0,195.0,291.0,390.0,562.0,722.0,695.0,644.0,502.0,400.0,319.0,262.0,194.0,182.0,195.0,182.0,179.0,155.0,161.0,147.0,129.0,157.0,146.0,134.0,148.0,144.0,171.0,187.0,188.0,190.0,176.0,157.0,213.0,147.0,163.0,180.0,183.0,191.0,176.0,143.0,186.0,178.0,182.0,157.0,200.0,230.0,263.0,305.0,312.0,281.0,201.0,248.0,233.0,187.0,163.0,159.0,129.0,111.0,91.0,79.0,129.0,120.0,94.0,119.0,133.0,75.0,30.0,25.0,7.0,2.0,1.0,0.0,11.0,70.0,103.0,195.0,291.0,390.0,562.0,722.0,695.0,644.0,502.0,400.0,319.0,262.0,194.0,182.0,195.0,182.0,179.0,155.0,161.0,147.0,129.0,157.0,146.0,134.0,148.0,144.0,171.0,187.0,188.0,190.0,176.0,157.0,213.0,147.0,163.0,180.0,183.0,191.0,176.0,143.0,186.0,178.0,182.0,157.0,200.0,230.0,263.0,305.0,312.0,281.0,201.0,248.0,233.0,187.0,163.0,159.0,129.0,111.0,91.0,79.0,129.0,120.0,94.0,119.0,133.0,75.0,30.0,25.0,7.0,2.0,1.0
0.0,5.0,45.0,83.0,153.0,234.0,355.0,496.0,689.0,704.0,714.0,492.0,468.0,324.0,245.0,214.0,159.0,146.0,128.0,95.0,130.0,139.0,119.0,116.0,94.0,104.0,118.0,101.0,124.0,110.0,116.0,139.0,153.0,152.0,155.0,116.0,148.0,128.0,148.0,127.0,111.0,120.0,116.0,119.0,126.0,135.0,153.0,165.0,192.0,227.0,231.0,202.0,210.0,203.0,174.0,148.0,171.0,103.0,108.0,74.0,59.0,62.0,66.0,60.0,44.0,60.0,32.0,50.0,24.0,16.0,10.0,2.0,0.0,1.0,0.0,5.0,45.0,83.0,153.0,234.0,355.0,496.0,689.0,704.0,714.0,492.0,468.0,324.0,245.0,214.0,159.0,146.0,128.0,95.0,130.0,139.0,119.0,116.0,94.0,104.0,118.0,101.0,124.0,110.0,116.0,139.0,153.0,152.0,155.0,116.0,148.0,128.0,148.0,127.0,111.0,120.0,116.0,119.0,126.0,135.0,153.0,165.0,192.0,227.0,231.0,202.0,210.0,203.0,174.0,148.0,171.0,103.0,108.0,74.0,59.0,62.0,66.0,60.0,44.0,60.0,32.0,50.0,24.0,16.0,10.0,2.0,0.0,1.0,0.0,5.0,45.0,83.0,153.0,234.0,355.0,496.0,689.0,704.0,714.0,492.0,468.0,324.0,245.0,214.0,159.0,146.0,128.0,95.0,130.0,139.0,119.0,116.0,94.0,104.0,118.0,101.0,124.0,110.0,116.0,139.0,153.0,152.0,155.0,116.0,148.0,128.0,148.0,127.0,111.0,120.0,116.0,119.0,126.0,135.0,153.0,165.0,192.0,227.0,231.0,202.0,210.0,203.0,174.0,148.0,171.0,103.0,108.0,74.0,59.0,62.0,66.0,60.0,44.0,60.0,32.0,50.0,24.0,16.0,10.0,2.0,0.0,1.0
0.0,1.0,17.0,52.0,120.0,177.0,234.0,398.0,462.0,492.0,506.0,391.0,296.0,153.0,137.0,94.0,92.0,92.0,85.0,54.0,53.0,63.0,71.0,63.0,76.0,59.0,74.0,70.0,69.0,70.0,80.0,66.0,72.0,77.0,86.0,68.0,65.0,59.0,78.0,55.0,66.0,57.0,60.0,61.0,78.0,72.0,94.0,98.0,172.0,155.0,181.0,185.0,118.0,89.0,94.0,74.0,91.0,135.0,80.0,58.0,42.0,41.0,33.0,36.0,30.0,22.0,30.0,18.0,19.0,7.0,10.0,7.0,4.0,0.0,0.0,1.0,17.0,52.0,120.0,177.0,234.0,398.0,462.0,492.0,506.0,391.0,296.0,153.0,137.0,94.0,92.0,92.0,85.0,54.0,53.0,63.0,71.0,63.0,76.0,59.0,74.0,70.0,69.0,70.0,80.0,66.0,72.0,77.0,86.0,68.0,65.0,59.0,78.0,55.0,66.0,57.0,60.0,61.0,78.0,72.0,94.0,98.0,172.0,155.0,181.0,185.0,118.0,89.0,94.0,74.0,91.0,135.0,80.0,58.0,42.0,41.0,33.0,36.0,30.0,22.0,30.0,18.0,19.0,7.0,10.0,7.0,4.0,0.0,0.0,1.0,17.0,52.0,120.0,177.0,234.0,398.0,462.0,492.0,506.0,391.0,296.0,153.0,137.0,94.0,92.0,92.0,85.0,54.0,53.0,63.0,71.0,63.0,76.0,59.0,74.0,70.0,69.0,70.0,80.0,66.0,72.0,77.0,86.0,68.0,65.0,59.0,78.0,55.0,66.0,57.0,60.0,61.0,78.0,72.0,94.0,98.0,172.0,155.0,181.0,185.0,118.0,89.0,94.0,74.0,91.0,135.0,80.0,58.0,42.0,41.0,33.0,36.0,30.0,22.0,30.0,18.0,19.0,7.0,10.0,7.0,4.0,0.0
0.0,0.0,27.0,87.0,120.0,214.0,285.0,351.0,488.0,608.0,704.0,625.0,464.0,491.0,346.0,367.0,324.0,270.0,277.0,224.0,300.0,231.0,283.0,244.0,265.0,251.0,235.0,297.0,252.0,240.0,267.0,278.0,262.0,314.0,230.0,272.0,245.0,266.0,281.0,261.0,280.0,272.0,297.0,304.0,283.0,369.0,282.0,304.0,364.0,357.0,410.0,325.0,362.0,305.0,323.0,197.0,194.0,241.0,319.0,213.0,142.0,128.0,111.0,82.0,86.0,70.0,58.0,98.0,36.0,25.0,16.0,12.0,4.0,0.0,0.0,0.0,27.0,87.0,120.0,214.0,285.0,351.0,488.0,608.0,704.0,625.0,464.0,491.0,346.0,367.0,324.0,270.0,277.0,224.0,300.0,231.0,283.0,244.0,265.0,251.0,235.0,297.0,252.0,240.0,267.0,278.0,262.0,314.0,230.0,272.0,245.0,266.0,281.0,261.0,280.0,272.0,297.0,304.0,283.0,369.0,282.0,304.0,364.0,357.0,410.0,325.0,362.0,305.0,323.0,197.0,194.0,241.0,319.0,213.0,142.0,128.0,111.0,82.0,86.0,70.0,58.0,98.0,36.0,25.0,16.0,12.0,4.0,0.0,0.0,0.0,27.0,87.0,120.0,214.0,285.0,351.0,488.0,608.0,704.0,625.0,464.0,491.0,346.0,367.0,324.0,270.0,277.0,224.0,300.0,231.0,283.0,244.0,265.0,251.0,235.0,297.0,252.0,240.0,267.0,278.0,262.0,314.0,230.0,272.0,245.0,266.0,281.0,261.0,280.0,272.0,297.0,304.0,283.0,369.0,282.0,304.0,364.0,357.0,410.0,325.0,362.0,305.0,323.0,197.0,194.0,241.0,319.0,213.0,142.0,128.0,111.0,82.0,86.0,70.0,58.0,98.0,36.0,25.0,16.0,12.0,4.0,0.0
1.0,0.0,10.0,56.0,103.0,191.0,256.0,386.0,483.0,582.0,674.0,643.0,393.0,269.0,232.0,191.0,174.0,185.0,158.0,147.0,155.0,118.0,128.0,155.0,132.0,124.0,129.0,148.0,140.0,145.0,132.0,145.0,129.0,150.0,137.0,121.0,131.0,131.0,139.0,112.0,108.0,127.0,119.0,177.0,165.0,154.0,183.0,202.0,223.0,351.0,379.0,489.0,373.0,352.0,241.0,204.0,224.0,248.0,158.0,136.0,86.0,120.0,70.0,100.0,80.0,86.0,67.0,58.0,55.0,40.0,18.0,16.0,2.0,3.0,1.0,0.0,10.0,56.0,103.0,191.0,256.0,386.0,483.0,582.0,674.0,643.0,393.0,269.0,232.0,191.0,174.0,185.0,158.0,147.0,155.0,118.0,128.0,155.0,132.0,124.0,129.0,148.0,140.0,145.0,132.0,145.0,129.0,150.0,137.0,121.0,131.0,131.0,139.0,112.0,108.0,127.0,119.0,177.0,165.0,154.0,183.0,202.0,223.0,351.0,379.0,489.0,373.0,352.0,241.0,204.0,224.0,248.0,158.0,136.0,86.0,120.0,70.0,100.0,80.0,86.0,67.0,58.0,55.0,40.0,18.0,16.0,2.0,3.0,1.0,0.0,10.0,56.0,103.0,191.0,256.0,386.0,483.0,582.0,674.0,643.0,393.0,269.0,232.0,191.0,174.0,185.0,158.0,147.0,155.0,118.0,128.0,155.0,132.0,124.0,129.0,148.0,140.0,145.0,132.0,145.0,129.0,150.0,137.0,121.0,131.0,131.0,139.0,112.0,108.0,127.0,119.0,177.0,165.0,154.0,183.0,202.0,223.0,351.0,379.0,489.0,373.0,352.0,241.0,204.0,224.0,248.0,158.0,136.0,86.0,120.0,70.0,100.0,80.0,86.0,67.0,58.0,55.0,40.0,18.0,16.0,2.0,3.0
0.0,0.0,9.0,32.0,102.0,168.0,242.0,317.0,436.0,465.0,533.0,431.0,368.0,245.0,181.0,165.0,158.0,139.0,157.0,137.0,128.0,136.0,106.0,118.0,117.0,91.0,148.0,102.0,123.0,104.0,134.0,113.0,135.0,143.0,123.0,128.0,104.0,134.0,129.0,136.0,136.0,128.0,147.0,179.0,153.0,123.0,183.0,222.0,209.0,264.0,338.0,349.0,298.0,247.0,262.0,211.0,179.0,163.0,98.0,135.0,101.0,75.0,79.0,107.0,72.0,60.0,42.0,48.0,60.0,24.0,21.0,15.0,5.0,0.0,0.0,0.0,9.0,32.0,102.0,168.0,242.0,317.0,436.0,465.0,533.0,431.0,368.0,245.0,181.0,165.0,158.0,139.0,157.0,137.0,128.0,136.0,106.0,118.0,117.0,91.0,148.0,102.0,123.0,104.0,134.0,113.0,135.0,143.0,123.0,128.0,104.0,134.0,129.0,136.0,136.0,128.0,147.0,179.0,153.0,123.0,183.0,222.0,209.0,264.0,338.0,349.0,298.0,247.0,262.0,211.0,179.0,163.0,98.0,135.0,101.0,75.0,79.0,107.0,72.0,60.0,42.0,48.0,60.0,24.0,21.0,15.0,5.0,0.0,0.0,0.0,9.0,32.0,102.0,168.0,242.0,317.0,436.0,465.0,533.0,431.0,368.0,245.0,181.0,165.0,158.0,139.0,157.0,137.0,128.0,136.0,106.0,118.0,117.0,91.0,148.0,102.0,123.0,104.0,134.0,113.0,135.0,143.0,123.0,128.0,104.0,134.0,129.0,136.0,136.0,128.0,147.0,179.0,153.0,123.0,183.0,222.0,209.0,264.0,338.0,349.0,298.0,247.0,262.0,211.0,179.0,163.0,98.0,135.0,101.0,75.0,79.0,107.0,72.0,60.0,42.0,48.0,60.0,24.0,21.0,15.0,5.0,0.0
1.0,1.0,15.0,42.0,123.0,147.0,242.0,319.0,429.0,466.0,531.0,522.0,376.0,319.0,255.0,251.0,212.0,203.0,199.0,203.0,201.0,216.0,181.0,179.0,171.0,197.0,199.0,170.0,178.0,170.0,161.0,168.0,154.0,200.0,156.0,184.0,201.0,158.0,181.0,219.0,176.0,187.0,220.0,222.0,218.0,206.0,255.0,264.0,421.0,474.0,598.0,572.0,412.0,348.0,318.0,298.0,239.0,187.0,180.0,161.0,160.0,138.0,94.0,101.0,96.0,82.0,89.0,65.0,60.0,49.0,27.0,19.0,6.0,1.0,1.0,1.0,15.0,42.0,123.0,147.0,242.0,319.0,429.0,466.0,531.0,522.0,376.0,319.0,255.0,251.0,212.0,203.0,199.0,203.0,201.0,216.0,181.0,179.0,171.0,197.0,199.0,170.0,178.0,170.0,161.0,168.0,154.0,200.0,156.0,184.0,201.0,158.0,181.0,219.0,176.0,187.0,220.0,222.0,218.0,206.0,255.0,264.0,421.0,474.0,598.0,572.0,412.0,348.0,318.0,298.0,239.0,187.0,180.0,161.0,160.0,138.0,94.0,101.0,96.0,82.0,89.0,65.0,60.0,49.0,27.0,19.0,6.0,1.0,1.0,1.0,15.0,42.0,123.0,147.0,242.0,319.0,429.0,466.0,531.0,522.0,376.0,319.0,255.0,251.0,212.0,203.0,199.0,203.0,201.0,216.0,181.0,179.0,171.0,197.0,199.0,170.0,178.0,170.0,161.0,168.0,154.0,200.0,156.0,184.0,201.0,158.0,181.0,219.0,176.0,187.0,220.0,222.0,218.0,206.0,255.0,264.0,421.0,474.0,598.0,572.0,412.0,348.0,318.0,298.0,239.0,187.0,180.0,161.0,160.0,138.0,94.0,101.0,96.0,82.0,89.0,65.0,60.0,49.0,27.0,19.0,6.0,1.0
0.0,0.0,0.0,39.0,86.0,121.0,163.0,252.0,237.0,365.0,334.0,308.0,251.0,154.0,154.0,162.0,132.0,113.0,104.0,123.0,69.0,82.0,131.0,107.0,103.0,95.0,127.0,122.0,120.0,90.0,110.0,112.0,118.0,104.0,106.0,129.0,95.0,90.0,118.0,105.0,96.0,119.0,103.0,117.0,156.0,123.0,166.0,167.0,218.0,289.0,257.0,253.0,184.0,287.0,271.0,263.0,134.0,106.0,90.0,74.0,84.0,98.0,134.0,141.0,60.0,42.0,30.0,44.0,32.0,21.0,12.0,5.0,3.0,0.0,0.0,0.0,0.0,39.0,86.0,121.0,163.0,252.0,237.0,365.0,334.0,308.0,251.0,154.0,154.0,162.0,132.0,113.0,104.0,123.0,69.0,82.0,131.0,107.0,103.0,95.0,127.0,122.0,120.0,90.0,110.0,112.0,118.0,104.0,106.0,129.0,95.0,90.0,118.0,105.0,96.0,119.0,103.0,117.0,156.0,123.0,166.0,167.0,218.0,289.0,257.0,253.0,184.0,287.0,271.0,263.0,134.0,106.0,90.0,74.0,84.0,98.0,134.0,141.0,60.0,42.0,30.0,44.0,32.0,21.0,12.0,5.0,3.0,0.0,0.0,0.0,0.0,39.0,86.0,121.0,163.0,252.0,237.0,365.0,334.0,308.0,251.0,154.0,154.0,162.0,132.0,113.0,104.0,123.0,69.0,82.0,131.0,107.0,103.0,95.0,127.0,122.0,120.0,90.0,110.0,112.0,118.0,104.0,106.0,129.0,95.0,90.0,118.0,105.0,96.0,119.0,103.0,117.0,156.0,123.0,166.0,167.0,218.0,289.0,257.0,253.0,184.0,287.0,271.0,263.0,134.0,106.0,90.0,74.0,84.0,98.0,134.0,141.0,60.0,42.0,30.0,44.0,32.0,21.0,12.0,5.0,3.0,0.0
0.0,0.0,0.0,0.0,0.0,0.0,0.0,0.0,0.0,0.0,0.0,0.0,0.0,0.0,0.0,0.0,0.0,0.0,0.0,0.0,0.0,0.0,0.0,0.0,0.0,0.0,0.0,0.0,0.0,0.0,0.0,0.0,0.0,0.0,0.0,0.0,0.0,0.0,0.0,0.0,0.0,0.0,0.0,0.0,0.0,0.0,0.0,0.0,0.0,0.0,0.0,0.0,0.0,0.0,0.0,0.0,0.0,0.0,0.0,0.0,0.0,0.0,0.0,0.0,0.0,0.0,0.0,0.0,0.0,0.0,0.0,0.0,0.0,0.0,0.0,0.0,0.0,0.0,0.0,0.0,0.0,0.0,0.0,0.0,0.0,0.0,0.0,0.0,0.0,0.0,0.0,0.0,0.0,0.0,0.0,0.0,0.0,0.0,0.0,0.0,0.0,0.0,0.0,0.0,0.0,0.0,0.0,0.0,0.0,0.0,0.0,0.0,0.0,0.0,0.0,0.0,0.0,0.0,0.0,0.0,0.0,0.0,0.0,0.0,0.0,0.0,0.0,0.0,0.0,0.0,0.0,0.0,0.0,0.0,0.0,0.0,0.0,0.0,0.0,0.0,0.0,0.0,0.0,0.0,0.0,0.0,0.0,0.0,0.0,0.0,0.0,0.0,0.0,0.0,0.0,0.0,0.0,0.0,0.0,0.0,0.0,0.0,0.0,0.0,0.0,0.0,0.0,0.0,0.0,0.0,0.0,0.0,0.0,0.0,0.0,0.0,0.0,0.0,0.0,0.0,0.0,0.0,0.0,0.0,0.0,0.0,0.0,0.0,0.0,0.0,0.0,0.0,0.0,0.0,0.0,0.0,0.0,0.0,0.0,0.0,0.0,0.0,0.0,0.0,0.0,0.0,0.0,0.0,0.0,0.0,0.0,0.0,0.0,0.0,0.0,0.0,0.0,0.0,0.0,0.0,0.0,0.0
0.0,1.0,194.0,213.0,124.0,172.0,203.0,241.0,303.0,287.0,422.0,398.0,420.0,527.0,615.0,421.0,443.0,339.0,377.0,448.0,398.0,401.0,444.0,404.0,441.0,418.0,380.0,329.0,454.0,360.0,422.0,426.0,390.0,402.0,416.0,445.0,370.0,397.0,419.0,471.0,367.0,416.0,473.0,483.0,511.0,417.0,621.0,632.0,704.0,764.0,808.0,887.0,718.0,607.0,560.0,545.0,487.0,420.0,409.0,378.0,391.0,409.0,320.0,344.0,402.0,274.0,316.0,304.0,194.0,124.0,129.0,123.0,12.0,0.0,0.0,1.0,194.0,213.0,124.0,172.0,203.0,241.0,303.0,287.0,422.0,398.0,420.0,527.0,615.0,421.0,443.0,339.0,377.0,448.0,398.0,401.0,444.0,404.0,441.0,418.0,380.0,329.0,454.0,360.0,422.0,426.0,390.0,402.0,416.0,445.0,370.0,397.0,419.0,471.0,367.0,416.0,473.0,483.0,511.0,417.0,621.0,632.0,704.0,764.0,808.0,887.0,718.0,607.0,560.0,545.0,487.0,420.0,409.0,378.0,391.0,409.0,320.0,344.0,402.0,274.0,316.0,304.0,194.0,124.0,129.0,123.0,12.0,0.0,0.0,1.0,194.0,213.0,124.0,172.0,203.0,241.0,303.0,287.0,422.0,398.0,420.0,527.0,615.0,421.0,443.0,339.0,377.0,448.0,398.0,401.0,444.0,404.0,441.0,418.0,380.0,329.0,454.0,360.0,422.0,426.0,390.0,402.0,416.0,445.0,370.0,397.0,419.0,471.0,367.0,416.0,473.0,483.0,511.0,417.0,621.0,632.0,704.0,764.0,808.0,887.0,718.0,607.0,560.0,545.0,487.0,420.0,409.0,378.0,391.0,409.0,320.0,344.0,402.0,274.0,316.0,304.0,194.0,124.0,129.0,123.0,12.0,0.0
0.0,0.0,5.0,25.0,55.0,93.0,127.0,192.0,177.0,263.0,226.0,251.0,190.0,163.0,127.0,146.0,116.0,132.0,124.0,121.0,102.0,119.0,142.0,108.0,101.0,129.0,128.0,112.0,94.0,119.0,153.0,143.0,132.0,153.0,193.0,147.0,145.0,132.0,149.0,143.0,166.0,151.0,164.0,215.0,191.0,226.0,279.0,266.0,406.0,426.0,606.0,484.0,424.0,311.0,254.0,206.0,188.0,193.0,164.0,139.0,169.0,164.0,161.0,134.0,140.0,109.0,167.0,118.0,76.0,57.0,34.0,18.0,3.0,0.0,0.0,0.0,5.0,25.0,55.0,93.0,127.0,192.0,177.0,263.0,226.0,251.0,190.0,163.0,127.0,146.0,116.0,132.0,124.0,121.0,102.0,119.0,142.0,108.0,101.0,129.0,128.0,112.0,94.0,119.0,153.0,143.0,132.0,153.0,193.0,147.0,145.0,132.0,149.0,143.0,166.0,151.0,164.0,215.0,191.0,226.0,279.0,266.0,406.0,426.0,606.0,484.0,424.0,311.0,254.0,206.0,188.0,193.0,164.0,139.0,169.0,164.0,161.0,134.0,140.0,109.0,167.0,118.0,76.0,57.0,34.0,18.0,3.0,0.0,0.0,0.0,5.0,25.0,55.0,93.0,127.0,192.0,177.0,263.0,226.0,251.0,190.0,163.0,127.0,146.0,116.0,132.0,124.0,121.0,102.0,119.0,142.0,108.0,101.0,129.0,128.0,112.0,94.0,119.0,153.0,143.0,132.0,153.0,193.0,147.0,145.0,132.0,149.0,143.0,166.0,151.0,164.0,215.0,191.0,226.0,279.0,266.0,406.0,426.0,606.0,484.0,424.0,311.0,254.0,206.0,188.0,193.0,164.0,139.0,169.0,164.0,161.0,134.0,140.0,109.0,167.0,118.0,76.0,57.0,34.0,18.0,3.0,0.0
0.0,3.0,16.0,30.0,63.0,71.0,118.0,196.0,204.0,209.0,184.0,204.0,215.0,191.0,231.0,271.0,270.0,307.0,320.0,385.0,421.0,436.0,458.0,438.0,497.0,484.0,445.0,505.0,430.0,464.0,491.0,501.0,546.0,577.0,529.0,549.0,589.0,637.0,623.0,747.0,811.0,745.0,777.0,831.0,856.0,876.0,1038.0,1190.0,1348.0,1471.0,1521.0,1384.0,652.0,428.0,318.0,229.0,199.0,133.0,118.0,74.0,119.0,90.0,66.0,60.0,61.0,56.0,44.0,59.0,50.0,20.0,25.0,8.0,2.0,4.0,0.0,3.0,16.0,30.0,63.0,71.0,118.0,196.0,204.0,209.0,184.0,204.0,215.0,191.0,231.0,271.0,270.0,307.0,320.0,385.0,421.0,436.0,458.0,438.0,497.0,484.0,445.0,505.0,430.0,464.0,491.0,501.0,546.0,577.0,529.0,549.0,589.0,637.0,623.0,747.0,811.0,745.0,777.0,831.0,856.0,876.0,1038.0,1190.0,1348.0,1471.0,1521.0,1384.0,652.0,428.0,318.0,229.0,199.0,133.0,118.0,74.0,119.0,90.0,66.0,60.0,61.0,56.0,44.0,59.0,50.0,20.0,25.0,8.0,2.0,4.0,0.0,3.0,16.0,30.0,63.0,71.0,118.0,196.0,204.0,209.0,184.0,204.0,215.0,191.0,231.0,271.0,270.0,307.0,320.0,385.0,421.0,436.0,458.0,438.0,497.0,484.0,445.0,505.0,430.0,464.0,491.0,501.0,546.0,577.0,529.0,549.0,589.0,637.0,623.0,747.0,811.0,745.0,777.0,831.0,856.0,876.0,1038.0,1190.0,1348.0,1471.0,1521.0,1384.0,652.0,428.0,318.0,229.0,199.0,133.0,118.0,74.0,119.0,90.0,66.0,60.0,61.0,56.0,44.0,59.0,50.0,20.0,25.0,8.0,2.0,4.0
0.0,1.0,26.0,79.0,155.0,234.0,337.0,467.0,594.0,706.0,570.0,510.0,397.0,359.0,286.0,277.0,311.0,293.0,269.0,263.0,292.0,334.0,291.0,335.0,284.0,324.0,289.0,334.0,295.0,315.0,355.0,367.0,376.0,404.0,398.0,428.0,371.0,344.0,415.0,495.0,393.0,394.0,429.0,433.0,418.0,411.0,471.0,496.0,638.0,690.0,808.0,877.0,792.0,589.0,563.0,406.0,310.0,304.0,321.0,275.0,202.0,243.0,221.0,186.0,171.0,211.0,98.0,156.0,73.0,81.0,41.0,15.0,5.0,1.0,0.0,1.0,26.0,79.0,155.0,234.0,337.0,467.0,594.0,706.0,570.0,510.0,397.0,359.0,286.0,277.0,311.0,293.0,269.0,263.0,292.0,334.0,291.0,335.0,284.0,324.0,289.0,334.0,295.0,315.0,355.0,367.0,376.0,404.0,398.0,428.0,371.0,344.0,415.0,495.0,393.0,394.0,429.0,433.0,418.0,411.0,471.0,496.0,638.0,690.0,808.0,877.0,792.0,589.0,563.0,406.0,310.0,304.0,321.0,275.0,202.0,243.0,221.0,186.0,171.0,211.0,98.0,156.0,73.0,81.0,41.0,15.0,5.0,1.0,0.0,1.0,26.0,79.0,155.0,234.0,337.0,467.0,594.0,706.0,570.0,510.0,397.0,359.0,286.0,277.0,311.0,293.0,269.0,263.0,292.0,334.0,291.0,335.0,284.0,324.0,289.0,334.0,295.0,315.0,355.0,367.0,376.0,404.0,398.0,428.0,371.0,344.0,415.0,495.0,393.0,394.0,429.0,433.0,418.0,411.0,471.0,496.0,638.0,690.0,808.0,877.0,792.0,589.0,563.0,406.0,310.0,304.0,321.0,275.0,202.0,243.0,221.0,186.0,171.0,211.0,98.0,156.0,73.0,81.0,41.0,15.0,5.0,1.0
0.0,1.0,18.0,44.0,89.0,138.0,219.0,302.0,441.0,533.0,518.0,457.0,253.0,182.0,163.0,132.0,121.0,83.0,103.0,85.0,98.0,81.0,90.0,74.0,86.0,76.0,80.0,109.0,100.0,94.0,80.0,97.0,98.0,93.0,97.0,109.0,97.0,73.0,102.0,109.0,102.0,86.0,101.0,116.0,121.0,142.0,105.0,121.0,128.0,195.0,292.0,275.0,271.0,388.0,368.0,127.0,105.0,218.0,134.0,98.0,75.0,64.0,62.0,72.0,63.0,53.0,55.0,55.0,34.0,21.0,11.0,7.0,4.0,0.0,0.0,1.0,18.0,44.0,89.0,138.0,219.0,302.0,441.0,533.0,518.0,457.0,253.0,182.0,163.0,132.0,121.0,83.0,103.0,85.0,98.0,81.0,90.0,74.0,86.0,76.0,80.0,109.0,100.0,94.0,80.0,97.0,98.0,93.0,97.0,109.0,97.0,73.0,102.0,109.0,102.0,86.0,101.0,116.0,121.0,142.0,105.0,121.0,128.0,195.0,292.0,275.0,271.0,388.0,368.0,127.0,105.0,218.0,134.0,98.0,75.0,64.0,62.0,72.0,63.0,53.0,55.0,55.0,34.0,21.0,11.0,7.0,4.0,0.0,0.0,1.0,18.0,44.0,89.0,138.0,219.0,302.0,441.0,533.0,518.0,457.0,253.0,182.0,163.0,132.0,121.0,83.0,103.0,85.0,98.0,81.0,90.0,74.0,86.0,76.0,80.0,109.0,100.0,94.0,80.0,97.0,98.0,93.0,97.0,109.0,97.0,73.0,102.0,109.0,102.0,86.0,101.0,116.0,121.0,142.0,105.0,121.0,128.0,195.0,292.0,275.0,271.0,388.0,368.0,127.0,105.0,218.0,134.0,98.0,75.0,64.0,62.0,72.0,63.0,53.0,55.0,55.0,34.0,21.0,11.0,7.0,4.0,0.0
0.0,2.0,42.0,90.0,206.0,316.0,428.0,661.0,980.0,1020.0,939.0,641.0,484.0,291.0,203.0,208.0,190.0,161.0,135.0,132.0,143.0,103.0,120.0,115.0,95.0,118.0,78.0,106.0,107.0,115.0,119.0,96.0,129.0,129.0,115.0,114.0,88.0,81.0,78.0,102.0,82.0,104.0,117.0,124.0,148.0,112.0,115.0,118.0,147.0,146.0,127.0,185.0,133.0,93.0,86.0,86.0,58.0,58.0,71.0,62.0,46.0,53.0,48.0,45.0,46.0,35.0,21.0,18.0,33.0,27.0,19.0,6.0,0.0,0.0,0.0,2.0,42.0,90.0,206.0,316.0,428.0,661.0,980.0,1020.0,939.0,641.0,484.0,291.0,203.0,208.0,190.0,161.0,135.0,132.0,143.0,103.0,120.0,115.0,95.0,118.0,78.0,106.0,107.0,115.0,119.0,96.0,129.0,129.0,115.0,114.0,88.0,81.0,78.0,102.0,82.0,104.0,117.0,124.0,148.0,112.0,115.0,118.0,147.0,146.0,127.0,185.0,133.0,93.0,86.0,86.0,58.0,58.0,71.0,62.0,46.0,53.0,48.0,45.0,46.0,35.0,21.0,18.0,33.0,27.0,19.0,6.0,0.0,0.0,0.0,2.0,42.0,90.0,206.0,316.0,428.0,661.0,980.0,1020.0,939.0,641.0,484.0,291.0,203.0,208.0,190.0,161.0,135.0,132.0,143.0,103.0,120.0,115.0,95.0,118.0,78.0,106.0,107.0,115.0,119.0,96.0,129.0,129.0,115.0,114.0,88.0,81.0,78.0,102.0,82.0,104.0,117.0,124.0,148.0,112.0,115.0,118.0,147.0,146.0,127.0,185.0,133.0,93.0,86.0,86.0,58.0,58.0,71.0,62.0,46.0,53.0,48.0,45.0,46.0,35.0,21.0,18.0,33.0,27.0,19.0,6.0,0.0,0.0
0.0,2.0,31.0,65.0,118.0,233.0,450.0,754.0,881.0,836.0,761.0,568.0,344.0,230.0,216.0,171.0,186.0,129.0,112.0,96.0,103.0,92.0,87.0,94.0,87.0,86.0,64.0,76.0,94.0,125.0,98.0,106.0,132.0,110.0,93.0,100.0,105.0,68.0,60.0,78.0,72.0,69.0,88.0,71.0,86.0,100.0,96.0,119.0,100.0,129.0,143.0,148.0,134.0,115.0,82.0,77.0,87.0,77.0,37.0,40.0,43.0,44.0,28.0,35.0,33.0,29.0,37.0,22.0,16.0,21.0,10.0,2.0,3.0,1.0,0.0,2.0,31.0,65.0,118.0,233.0,450.0,754.0,881.0,836.0,761.0,568.0,344.0,230.0,216.0,171.0,186.0,129.0,112.0,96.0,103.0,92.0,87.0,94.0,87.0,86.0,64.0,76.0,94.0,125.0,98.0,106.0,132.0,110.0,93.0,100.0,105.0,68.0,60.0,78.0,72.0,69.0,88.0,71.0,86.0,100.0,96.0,119.0,100.0,129.0,143.0,148.0,134.0,115.0,82.0,77.0,87.0,77.0,37.0,40.0,43.0,44.0,28.0,35.0,33.0,29.0,37.0,22.0,16.0,21.0,10.0,2.0,3.0,1.0,0.0,2.0,31.0,65.0,118.0,233.0,450.0,754.0,881.0,836.0,761.0,568.0,344.0,230.0,216.0,171.0,186.0,129.0,112.0,96.0,103.0,92.0,87.0,94.0,87.0,86.0,64.0,76.0,94.0,125.0,98.0,106.0,132.0,110.0,93.0,100.0,105.0,68.0,60.0,78.0,72.0,69.0,88.0,71.0,86.0,100.0,96.0,119.0,100.0,129.0,143.0,148.0,134.0,115.0,82.0,77.0,87.0,77.0,37.0,40.0,43.0,44.0,28.0,35.0,33.0,29.0,37.0,22.0,16.0,21.0,10.0,2.0,3.0,1.0
0.0,6.0,67.0,79.0,179.0,298.0,447.0,634.0,723.0,749.0,794.0,650.0,498.0,336.0,290.0,248.0,176.0,176.0,141.0,133.0,104.0,115.0,115.0,126.0,122.0,120.0,97.0,166.0,128.0,140.0,158.0,121.0,139.0,167.0,160.0,127.0,112.0,112.0,115.0,93.0,146.0,111.0,140.0,145.0,109.0,131.0,106.0,155.0,160.0,243.0,267.0,299.0,191.0,135.0,175.0,104.0,105.0,73.0,69.0,104.0,66.0,64.0,69.0,67.0,75.0,52.0,51.0,34.0,38.0,39.0,11.0,2.0,4.0,1.0,0.0,6.0,67.0,79.0,179.0,298.0,447.0,634.0,723.0,749.0,794.0,650.0,498.0,336.0,290.0,248.0,176.0,176.0,141.0,133.0,104.0,115.0,115.0,126.0,122.0,120.0,97.0,166.0,128.0,140.0,158.0,121.0,139.0,167.0,160.0,127.0,112.0,112.0,115.0,93.0,146.0,111.0,140.0,145.0,109.0,131.0,106.0,155.0,160.0,243.0,267.0,299.0,191.0,135.0,175.0,104.0,105.0,73.0,69.0,104.0,66.0,64.0,69.0,67.0,75.0,52.0,51.0,34.0,38.0,39.0,11.0,2.0,4.0,1.0,0.0,6.0,67.0,79.0,179.0,298.0,447.0,634.0,723.0,749.0,794.0,650.0,498.0,336.0,290.0,248.0,176.0,176.0,141.0,133.0,104.0,115.0,115.0,126.0,122.0,120.0,97.0,166.0,128.0,140.0,158.0,121.0,139.0,167.0,160.0,127.0,112.0,112.0,115.0,93.0,146.0,111.0,140.0,145.0,109.0,131.0,106.0,155.0,160.0,243.0,267.0,299.0,191.0,135.0,175.0,104.0,105.0,73.0,69.0,104.0,66.0,64.0,69.0,67.0,75.0,52.0,51.0,34.0,38.0,39.0,11.0,2.0,4.0,1.0
0.0,30.0,74.0,163.0,302.0,483.0,731.0,1050.0,1227.0,1229.0,1017.0,899.0,693.0,524.0,542.0,458.0,459.0,413.0,429.0,412.0,412.0,444.0,399.0,426.0,443.0,457.0,389.0,399.0,410.0,355.0,451.0,492.0,403.0,418.0,341.0,361.0,312.0,348.0,419.0,350.0,350.0,413.0,430.0,386.0,410.0,396.0,391.0,497.0,541.0,613.0,702.0,648.0,556.0,406.0,355.0,403.0,310.0,304.0,242.0,169.0,133.0,157.0,100.0,113.0,112.0,96.0,72.0,64.0,45.0,30.0,14.0,0.0,0.0,0.0,0.0,30.0,74.0,163.0,302.0,483.0,731.0,1050.0,1227.0,1229.0,1017.0,899.0,693.0,524.0,542.0,458.0,459.0,413.0,429.0,412.0,412.0,444.0,399.0,426.0,443.0,457.0,389.0,399.0,410.0,355.0,451.0,492.0,403.0,418.0,341.0,361.0,312.0,348.0,419.0,350.0,350.0,413.0,430.0,386.0,410.0,396.0,391.0,497.0,541.0,613.0,702.0,648.0,556.0,406.0,355.0,403.0,310.0,304.0,242.0,169.0,133.0,157.0,100.0,113.0,112.0,96.0,72.0,64.0,45.0,30.0,14.0,0.0,0.0,0.0,0.0,30.0,74.0,163.0,302.0,483.0,731.0,1050.0,1227.0,1229.0,1017.0,899.0,693.0,524.0,542.0,458.0,459.0,413.0,429.0,412.0,412.0,444.0,399.0,426.0,443.0,457.0,389.0,399.0,410.0,355.0,451.0,492.0,403.0,418.0,341.0,361.0,312.0,348.0,419.0,350.0,350.0,413.0,430.0,386.0,410.0,396.0,391.0,497.0,541.0,613.0,702.0,648.0,556.0,406.0,355.0,403.0,310.0,304.0,242.0,169.0,133.0,157.0,100.0,113.0,112.0,96.0,72.0,64.0,45.0,30.0,14.0,0.0,0.0,0.0
0.0,8.0,14.0,26.0,38.0,75.0,113.0,174.0,178.0,179.0,206.0,207.0,153.0,164.0,344.0,483.0,172.0,410.0,732.0,977.0,645.0,864.0,699.0,608.0,779.0,636.0,379.0,324.0,571.0,577.0,651.0,570.0,978.0,488.0,806.0,683.0,592.0,859.0,536.0,829.0,700.0,415.0,843.0,559.0,941.0,846.0,843.0,719.0,655.0,721.0,795.0,999.0,946.0,1261.0,1050.0,592.0,434.0,705.0,544.0,250.0,790.0,456.0,597.0,383.0,410.0,312.0,120.0,485.0,355.0,347.0,130.0,0.0,0.0,0.0,0.0,8.0,14.0,26.0,38.0,75.0,113.0,174.0,178.0,179.0,206.0,207.0,153.0,164.0,344.0,483.0,172.0,410.0,732.0,977.0,645.0,864.0,699.0,608.0,779.0,636.0,379.0,324.0,571.0,577.0,651.0,570.0,978.0,488.0,806.0,683.0,592.0,859.0,536.0,829.0,700.0,415.0,843.0,559.0,941.0,846.0,843.0,719.0,655.0,721.0,795.0,999.0,946.0,1261.0,1050.0,592.0,434.0,705.0,544.0,250.0,790.0,456.0,597.0,383.0,410.0,312.0,120.0,485.0,355.0,347.0,130.0,0.0,0.0,0.0,0.0,8.0,14.0,26.0,38.0,75.0,113.0,174.0,178.0,179.0,206.0,207.0,153.0,164.0,344.0,483.0,172.0,410.0,732.0,977.0,645.0,864.0,699.0,608.0,779.0,636.0,379.0,324.0,571.0,577.0,651.0,570.0,978.0,488.0,806.0,683.0,592.0,859.0,536.0,829.0,700.0,415.0,843.0,559.0,941.0,846.0,843.0,719.0,655.0,721.0,795.0,999.0,946.0,1261.0,1050.0,592.0,434.0,705.0,544.0,250.0,790.0,456.0,597.0,383.0,410.0,312.0,120.0,485.0,355.0,347.0,130.0,0.0,0.0,0.0
0.0,4.0,34.0,73.0,129.0,182.0,281.0,354.0,420.0,453.0,504.0,374.0,298.0,228.0,203.0,180.0,137.0,134.0,110.0,101.0,78.0,85.0,79.0,94.0,85.0,107.0,75.0,99.0,121.0,118.0,107.0,104.0,109.0,116.0,102.0,150.0,101.0,96.0,102.0,104.0,91.0,76.0,83.0,94.0,85.0,99.0,129.0,185.0,198.0,276.0,275.0,333.0,261.0,168.0,143.0,99.0,109.0,67.0,70.0,75.0,48.0,52.0,49.0,53.0,43.0,40.0,31.0,40.0,22.0,24.0,13.0,1.0,1.0,3.0,0.0,4.0,34.0,73.0,129.0,182.0,281.0,354.0,420.0,453.0,504.0,374.0,298.0,228.0,203.0,180.0,137.0,134.0,110.0,101.0,78.0,85.0,79.0,94.0,85.0,107.0,75.0,99.0,121.0,118.0,107.0,104.0,109.0,116.0,102.0,150.0,101.0,96.0,102.0,104.0,91.0,76.0,83.0,94.0,85.0,99.0,129.0,185.0,198.0,276.0,275.0,333.0,261.0,168.0,143.0,99.0,109.0,67.0,70.0,75.0,48.0,52.0,49.0,53.0,43.0,40.0,31.0,40.0,22.0,24.0,13.0,1.0,1.0,3.0,0.0,4.0,34.0,73.0,129.0,182.0,281.0,354.0,420.0,453.0,504.0,374.0,298.0,228.0,203.0,180.0,137.0,134.0,110.0,101.0,78.0,85.0,79.0,94.0,85.0,107.0,75.0,99.0,121.0,118.0,107.0,104.0,109.0,116.0,102.0,150.0,101.0,96.0,102.0,104.0,91.0,76.0,83.0,94.0,85.0,99.0,129.0,185.0,198.0,276.0,275.0,333.0,261.0,168.0,143.0,99.0,109.0,67.0,70.0,75.0,48.0,52.0,49.0,53.0,43.0,40.0,31.0,40.0,22.0,24.0,13.0,1.0,1.0,3.0
0.0,6.0,56.0,150.0,239.0,367.0,659.0,978.0,883.0,978.0,867.0,861.0,819.0,665.0,487.0,379.0,427.0,367.0,333.0,293.0,301.0,258.0,289.0,306.0,275.0,280.0,299.0,345.0,337.0,303.0,302.0,419.0,358.0,359.0,360.0,322.0,320.0,258.0,281.0,247.0,294.0,329.0,268.0,307.0,316.0,362.0,345.0,498.0,683.0,601.0,663.0,756.0,591.0,594.0,386.0,340.0,384.0,238.0,203.0,148.0,139.0,124.0,130.0,128.0,112.0,89.0,98.0,83.0,49.0,69.0,31.0,14.0,2.0,0.0,0.0,6.0,56.0,150.0,239.0,367.0,659.0,978.0,883.0,978.0,867.0,861.0,819.0,665.0,487.0,379.0,427.0,367.0,333.0,293.0,301.0,258.0,289.0,306.0,275.0,280.0,299.0,345.0,337.0,303.0,302.0,419.0,358.0,359.0,360.0,322.0,320.0,258.0,281.0,247.0,294.0,329.0,268.0,307.0,316.0,362.0,345.0,498.0,683.0,601.0,663.0,756.0,591.0,594.0,386.0,340.0,384.0,238.0,203.0,148.0,139.0,124.0,130.0,128.0,112.0,89.0,98.0,83.0,49.0,69.0,31.0,14.0,2.0,0.0,0.0,6.0,56.0,150.0,239.0,367.0,659.0,978.0,883.0,978.0,867.0,861.0,819.0,665.0,487.0,379.0,427.0,367.0,333.0,293.0,301.0,258.0,289.0,306.0,275.0,280.0,299.0,345.0,337.0,303.0,302.0,419.0,358.0,359.0,360.0,322.0,320.0,258.0,281.0,247.0,294.0,329.0,268.0,307.0,316.0,362.0,345.0,498.0,683.0,601.0,663.0,756.0,591.0,594.0,386.0,340.0,384.0,238.0,203.0,148.0,139.0,124.0,130.0,128.0,112.0,89.0,98.0,83.0,49.0,69.0,31.0,14.0,2.0,0.0
0.0,3.0,31.0,89.0,165.0,236.0,428.0,621.0,683.0,796.0,724.0,642.0,580.0,437.0,367.0,322.0,303.0,327.0,275.0,280.0,286.0,283.0,303.0,263.0,287.0,241.0,250.0,271.0,297.0,257.0,295.0,320.0,280.0,295.0,272.0,311.0,320.0,311.0,269.0,320.0,327.0,319.0,300.0,369.0,374.0,333.0,433.0,460.0,484.0,692.0,840.0,859.0,578.0,482.0,353.0,414.0,354.0,251.0,294.0,279.0,234.0,235.0,222.0,203.0,173.0,174.0,223.0,151.0,125.0,77.0,40.0,12.0,3.0,3.0,0.0,3.0,31.0,89.0,165.0,236.0,428.0,621.0,683.0,796.0,724.0,642.0,580.0,437.0,367.0,322.0,303.0,327.0,275.0,280.0,286.0,283.0,303.0,263.0,287.0,241.0,250.0,271.0,297.0,257.0,295.0,320.0,280.0,295.0,272.0,311.0,320.0,311.0,269.0,320.0,327.0,319.0,300.0,369.0,374.0,333.0,433.0,460.0,484.0,692.0,840.0,859.0,578.0,482.0,353.0,414.0,354.0,251.0,294.0,279.0,234.0,235.0,222.0,203.0,173.0,174.0,223.0,151.0,125.0,77.0,40.0,12.0,3.0,3.0,0.0,3.0,31.0,89.0,165.0,236.0,428.0,621.0,683.0,796.0,724.0,642.0,580.0,437.0,367.0,322.0,303.0,327.0,275.0,280.0,286.0,283.0,303.0,263.0,287.0,241.0,250.0,271.0,297.0,257.0,295.0,320.0,280.0,295.0,272.0,311.0,320.0,311.0,269.0,320.0,327.0,319.0,300.0,369.0,374.0,333.0,433.0,460.0,484.0,692.0,840.0,859.0,578.0,482.0,353.0,414.0,354.0,251.0,294.0,279.0,234.0,235.0,222.0,203.0,173.0,174.0,223.0,151.0,125.0,77.0,40.0,12.0,3.0,3.0
0.0,1.0,49.0,129.0,232.0,403.0,612.0,802.0,985.0,1034.0,1011.0,922.0,736.0,533.0,445.0,382.0,310.0,341.0,278.0,275.0,306.0,271.0,270.0,246.0,246.0,236.0,279.0,308.0,322.0,311.0,315.0,368.0,343.0,321.0,328.0,372.0,324.0,326.0,338.0,323.0,328.0,301.0,286.0,290.0,354.0,352.0,373.0,386.0,490.0,614.0,731.0,893.0,613.0,525.0,436.0,417.0,320.0,272.0,247.0,223.0,218.0,205.0,245.0,206.0,167.0,176.0,258.0,239.0,94.0,75.0,40.0,14.0,2.0,3.0,0.0,1.0,49.0,129.0,232.0,403.0,612.0,802.0,985.0,1034.0,1011.0,922.0,736.0,533.0,445.0,382.0,310.0,341.0,278.0,275.0,306.0,271.0,270.0,246.0,246.0,236.0,279.0,308.0,322.0,311.0,315.0,368.0,343.0,321.0,328.0,372.0,324.0,326.0,338.0,323.0,328.0,301.0,286.0,290.0,354.0,352.0,373.0,386.0,490.0,614.0,731.0,893.0,613.0,525.0,436.0,417.0,320.0,272.0,247.0,223.0,218.0,205.0,245.0,206.0,167.0,176.0,258.0,239.0,94.0,75.0,40.0,14.0,2.0,3.0,0.0,1.0,49.0,129.0,232.0,403.0,612.0,802.0,985.0,1034.0,1011.0,922.0,736.0,533.0,445.0,382.0,310.0,341.0,278.0,275.0,306.0,271.0,270.0,246.0,246.0,236.0,279.0,308.0,322.0,311.0,315.0,368.0,343.0,321.0,328.0,372.0,324.0,326.0,338.0,323.0,328.0,301.0,286.0,290.0,354.0,352.0,373.0,386.0,490.0,614.0,731.0,893.0,613.0,525.0,436.0,417.0,320.0,272.0,247.0,223.0,218.0,205.0,245.0,206.0,167.0,176.0,258.0,239.0,94.0,75.0,40.0,14.0,2.0,3.0
0.0,1.0,26.0,80.0,183.0,272.0,505.0,754.0,866.0,986.0,1087.0,966.0,862.0,540.0,432.0,453.0,388.0,335.0,366.0,354.0,324.0,331.0,321.0,342.0,324.0,293.0,322.0,338.0,340.0,356.0,304.0,382.0,381.0,374.0,399.0,394.0,350.0,361.0,361.0,395.0,374.0,386.0,420.0,349.0,429.0,428.0,484.0,582.0,696.0,819.0,870.0,1091.0,905.0,711.0,531.0,497.0,388.0,336.0,276.0,275.0,282.0,285.0,259.0,231.0,210.0,212.0,184.0,161.0,116.0,128.0,77.0,31.0,9.0,2.0,0.0,1.0,26.0,80.0,183.0,272.0,505.0,754.0,866.0,986.0,1087.0,966.0,862.0,540.0,432.0,453.0,388.0,335.0,366.0,354.0,324.0,331.0,321.0,342.0,324.0,293.0,322.0,338.0,340.0,356.0,304.0,382.0,381.0,374.0,399.0,394.0,350.0,361.0,361.0,395.0,374.0,386.0,420.0,349.0,429.0,428.0,484.0,582.0,696.0,819.0,870.0,1091.0,905.0,711.0,531.0,497.0,388.0,336.0,276.0,275.0,282.0,285.0,259.0,231.0,210.0,212.0,184.0,161.0,116.0,128.0,77.0,31.0,9.0,2.0,0.0,1.0,26.0,80.0,183.0,272.0,505.0,754.0,866.0,986.0,1087.0,966.0,862.0,540.0,432.0,453.0,388.0,335.0,366.0,354.0,324.0,331.0,321.0,342.0,324.0,293.0,322.0,338.0,340.0,356.0,304.0,382.0,381.0,374.0,399.0,394.0,350.0,361.0,361.0,395.0,374.0,386.0,420.0,349.0,429.0,428.0,484.0,582.0,696.0,819.0,870.0,1091.0,905.0,711.0,531.0,497.0,388.0,336.0,276.0,275.0,282.0,285.0,259.0,231.0,210.0,212.0,184.0,161.0,116.0,128.0,77.0,31.0,9.0,2.0
0.0,0.0,14.0,99.0,206.0,379.0,632.0,981.0,1191.0,1375.0,1437.0,1244.0,1114.0,574.0,432.0,352.0,361.0,315.0,244.0,247.0,282.0,199.0,201.0,220.0,228.0,202.0,202.0,203.0,268.0,215.0,221.0,272.0,265.0,261.0,269.0,252.0,281.0,230.0,210.0,203.0,209.0,214.0,273.0,263.0,247.0,246.0,325.0,328.0,345.0,415.0,533.0,660.0,495.0,375.0,299.0,238.0,238.0,190.0,173.0,159.0,159.0,120.0,152.0,143.0,123.0,86.0,87.0,96.0,50.0,52.0,33.0,19.0,2.0,0.0,0.0,0.0,14.0,99.0,206.0,379.0,632.0,981.0,1191.0,1375.0,1437.0,1244.0,1114.0,574.0,432.0,352.0,361.0,315.0,244.0,247.0,282.0,199.0,201.0,220.0,228.0,202.0,202.0,203.0,268.0,215.0,221.0,272.0,265.0,261.0,269.0,252.0,281.0,230.0,210.0,203.0,209.0,214.0,273.0,263.0,247.0,246.0,325.0,328.0,345.0,415.0,533.0,660.0,495.0,375.0,299.0,238.0,238.0,190.0,173.0,159.0,159.0,120.0,152.0,143.0,123.0,86.0,87.0,96.0,50.0,52.0,33.0,19.0,2.0,0.0,0.0,0.0,14.0,99.0,206.0,379.0,632.0,981.0,1191.0,1375.0,1437.0,1244.0,1114.0,574.0,432.0,352.0,361.0,315.0,244.0,247.0,282.0,199.0,201.0,220.0,228.0,202.0,202.0,203.0,268.0,215.0,221.0,272.0,265.0,261.0,269.0,252.0,281.0,230.0,210.0,203.0,209.0,214.0,273.0,263.0,247.0,246.0,325.0,328.0,345.0,415.0,533.0,660.0,495.0,375.0,299.0,238.0,238.0,190.0,173.0,159.0,159.0,120.0,152.0,143.0,123.0,86.0,87.0,96.0,50.0,52.0,33.0,19.0,2.0,0.0
0.0,1.0,23.0,106.0,238.0,446.0,746.0,1272.0,1654.0,1773.0,1814.0,1660.0,1534.0,966.0,708.0,594.0,552.0,499.0,426.0,338.0,308.0,316.0,352.0,334.0,371.0,276.0,297.0,337.0,312.0,290.0,370.0,343.0,401.0,341.0,331.0,468.0,375.0,371.0,317.0,321.0,358.0,342.0,333.0,367.0,373.0,401.0,406.0,448.0,477.0,563.0,677.0,789.0,720.0,564.0,447.0,419.0,414.0,324.0,320.0,308.0,309.0,251.0,222.0,202.0,269.0,227.0,216.0,198.0,149.0,122.0,65.0,31.0,5.0,3.0,0.0,1.0,23.0,106.0,238.0,446.0,746.0,1272.0,1654.0,1773.0,1814.0,1660.0,1534.0,966.0,708.0,594.0,552.0,499.0,426.0,338.0,308.0,316.0,352.0,334.0,371.0,276.0,297.0,337.0,312.0,290.0,370.0,343.0,401.0,341.0,331.0,468.0,375.0,371.0,317.0,321.0,358.0,342.0,333.0,367.0,373.0,401.0,406.0,448.0,477.0,563.0,677.0,789.0,720.0,564.0,447.0,419.0,414.0,324.0,320.0,308.0,309.0,251.0,222.0,202.0,269.0,227.0,216.0,198.0,149.0,122.0,65.0,31.0,5.0,3.0,0.0,1.0,23.0,106.0,238.0,446.0,746.0,1272.0,1654.0,1773.0,1814.0,1660.0,1534.0,966.0,708.0,594.0,552.0,499.0,426.0,338.0,308.0,316.0,352.0,334.0,371.0,276.0,297.0,337.0,312.0,290.0,370.0,343.0,401.0,341.0,331.0,468.0,375.0,371.0,317.0,321.0,358.0,342.0,333.0,367.0,373.0,401.0,406.0,448.0,477.0,563.0,677.0,789.0,720.0,564.0,447.0,419.0,414.0,324.0,320.0,308.0,309.0,251.0,222.0,202.0,269.0,227.0,216.0,198.0,149.0,122.0,65.0,31.0,5.0,3.0
0.0,6.0,21.0,44.0,139.0,202.0,377.0,605.0,776.0,806.0,984.0,888.0,752.0,489.0,358.0,301.0,278.0,260.0,245.0,245.0,189.0,201.0,207.0,181.0,222.0,195.0,225.0,214.0,207.0,157.0,166.0,191.0,244.0,157.0,221.0,192.0,196.0,182.0,201.0,187.0,183.0,183.0,230.0,222.0,245.0,254.0,250.0,263.0,377.0,346.0,449.0,461.0,346.0,304.0,266.0,268.0,187.0,143.0,129.0,142.0,89.0,111.0,130.0,99.0,79.0,75.0,85.0,72.0,55.0,49.0,39.0,24.0,6.0,3.0,0.0,6.0,21.0,44.0,139.0,202.0,377.0,605.0,776.0,806.0,984.0,888.0,752.0,489.0,358.0,301.0,278.0,260.0,245.0,245.0,189.0,201.0,207.0,181.0,222.0,195.0,225.0,214.0,207.0,157.0,166.0,191.0,244.0,157.0,221.0,192.0,196.0,182.0,201.0,187.0,183.0,183.0,230.0,222.0,245.0,254.0,250.0,263.0,377.0,346.0,449.0,461.0,346.0,304.0,266.0,268.0,187.0,143.0,129.0,142.0,89.0,111.0,130.0,99.0,79.0,75.0,85.0,72.0,55.0,49.0,39.0,24.0,6.0,3.0,0.0,6.0,21.0,44.0,139.0,202.0,377.0,605.0,776.0,806.0,984.0,888.0,752.0,489.0,358.0,301.0,278.0,260.0,245.0,245.0,189.0,201.0,207.0,181.0,222.0,195.0,225.0,214.0,207.0,157.0,166.0,191.0,244.0,157.0,221.0,192.0,196.0,182.0,201.0,187.0,183.0,183.0,230.0,222.0,245.0,254.0,250.0,263.0,377.0,346.0,449.0,461.0,346.0,304.0,266.0,268.0,187.0,143.0,129.0,142.0,89.0,111.0,130.0,99.0,79.0,75.0,85.0,72.0,55.0,49.0,39.0,24.0,6.0,3.0
1.0,7.0,26.0,80.0,143.0,210.0,242.0,377.0,465.0,529.0,634.0,551.0,526.0,445.0,534.0,465.0,538.0,516.0,568.0,549.0,551.0,616.0,600.0,616.0,609.0,663.0,611.0,562.0,509.0,497.0,467.0,451.0,463.0,518.0,486.0,533.0,579.0,576.0,623.0,658.0,611.0,685.0,648.0,717.0,724.0,757.0,949.0,890.0,1060.0,1207.0,1215.0,1344.0,1091.0,967.0,869.0,1006.0,592.0,440.0,422.0,392.0,469.0,359.0,293.0,370.0,772.0,306.0,253.0,173.0,133.0,112.0,80.0,24.0,17.0,1.0,1.0,7.0,26.0,80.0,143.0,210.0,242.0,377.0,465.0,529.0,634.0,551.0,526.0,445.0,534.0,465.0,538.0,516.0,568.0,549.0,551.0,616.0,600.0,616.0,609.0,663.0,611.0,562.0,509.0,497.0,467.0,451.0,463.0,518.0,486.0,533.0,579.0,576.0,623.0,658.0,611.0,685.0,648.0,717.0,724.0,757.0,949.0,890.0,1060.0,1207.0,1215.0,1344.0,1091.0,967.0,869.0,1006.0,592.0,440.0,422.0,392.0,469.0,359.0,293.0,370.0,772.0,306.0,253.0,173.0,133.0,112.0,80.0,24.0,17.0,1.0,1.0,7.0,26.0,80.0,143.0,210.0,242.0,377.0,465.0,529.0,634.0,551.0,526.0,445.0,534.0,465.0,538.0,516.0,568.0,549.0,551.0,616.0,600.0,616.0,609.0,663.0,611.0,562.0,509.0,497.0,467.0,451.0,463.0,518.0,486.0,533.0,579.0,576.0,623.0,658.0,611.0,685.0,648.0,717.0,724.0,757.0,949.0,890.0,1060.0,1207.0,1215.0,1344.0,1091.0,967.0,869.0,1006.0,592.0,440.0,422.0,392.0,469.0,359.0,293.0,370.0,772.0,306.0,253.0,173.0,133.0,112.0,80.0,24.0,17.0,1.0
0.0,0.0,4.0,83.0,134.0,191.0,209.0,287.0,421.0,531.0,616.0,607.0,509.0,501.0,428.0,381.0,419.0,497.0,456.0,480.0,452.0,479.0,567.0,551.0,578.0,581.0,644.0,571.0,694.0,623.0,649.0,725.0,748.0,786.0,721.0,692.0,721.0,779.0,691.0,767.0,846.0,850.0,1075.0,1088.0,1024.0,1106.0,1193.0,1334.0,1504.0,1575.0,1754.0,1795.0,1781.0,1713.0,1358.0,1341.0,1041.0,889.0,904.0,848.0,846.0,842.0,776.0,699.0,711.0,621.0,736.0,886.0,593.0,324.0,189.0,77.0,9.0,0.0,0.0,0.0,4.0,83.0,134.0,191.0,209.0,287.0,421.0,531.0,616.0,607.0,509.0,501.0,428.0,381.0,419.0,497.0,456.0,480.0,452.0,479.0,567.0,551.0,578.0,581.0,644.0,571.0,694.0,623.0,649.0,725.0,748.0,786.0,721.0,692.0,721.0,779.0,691.0,767.0,846.0,850.0,1075.0,1088.0,1024.0,1106.0,1193.0,1334.0,1504.0,1575.0,1754.0,1795.0,1781.0,1713.0,1358.0,1341.0,1041.0,889.0,904.0,848.0,846.0,842.0,776.0,699.0,711.0,621.0,736.0,886.0,593.0,324.0,189.0,77.0,9.0,0.0,0.0,0.0,4.0,83.0,134.0,191.0,209.0,287.0,421.0,531.0,616.0,607.0,509.0,501.0,428.0,381.0,419.0,497.0,456.0,480.0,452.0,479.0,567.0,551.0,578.0,581.0,644.0,571.0,694.0,623.0,649.0,725.0,748.0,786.0,721.0,692.0,721.0,779.0,691.0,767.0,846.0,850.0,1075.0,1088.0,1024.0,1106.0,1193.0,1334.0,1504.0,1575.0,1754.0,1795.0,1781.0,1713.0,1358.0,1341.0,1041.0,889.0,904.0,848.0,846.0,842.0,776.0,699.0,711.0,621.0,736.0,886.0,593.0,324.0,189.0,77.0,9.0,0.0
0.0,1.0,13.0,68.0,96.0,132.0,198.0,296.0,418.0,495.0,499.0,592.0,454.0,355.0,272.0,259.0,233.0,215.0,203.0,220.0,185.0,228.0,212.0,212.0,252.0,238.0,216.0,257.0,213.0,240.0,250.0,236.0,245.0,272.0,292.0,263.0,253.0,271.0,295.0,286.0,290.0,280.0,325.0,348.0,376.0,353.0,455.0,458.0,637.0,846.0,863.0,1021.0,942.0,628.0,567.0,511.0,443.0,342.0,317.0,289.0,254.0,255.0,311.0,271.0,246.0,316.0,243.0,215.0,106.0,81.0,78.0,37.0,14.0,0.0,0.0,1.0,13.0,68.0,96.0,132.0,198.0,296.0,418.0,495.0,499.0,592.0,454.0,355.0,272.0,259.0,233.0,215.0,203.0,220.0,185.0,228.0,212.0,212.0,252.0,238.0,216.0,257.0,213.0,240.0,250.0,236.0,245.0,272.0,292.0,263.0,253.0,271.0,295.0,286.0,290.0,280.0,325.0,348.0,376.0,353.0,455.0,458.0,637.0,846.0,863.0,1021.0,942.0,628.0,567.0,511.0,443.0,342.0,317.0,289.0,254.0,255.0,311.0,271.0,246.0,316.0,243.0,215.0,106.0,81.0,78.0,37.0,14.0,0.0,0.0,1.0,13.0,68.0,96.0,132.0,198.0,296.0,418.0,495.0,499.0,592.0,454.0,355.0,272.0,259.0,233.0,215.0,203.0,220.0,185.0,228.0,212.0,212.0,252.0,238.0,216.0,257.0,213.0,240.0,250.0,236.0,245.0,272.0,292.0,263.0,253.0,271.0,295.0,286.0,290.0,280.0,325.0,348.0,376.0,353.0,455.0,458.0,637.0,846.0,863.0,1021.0,942.0,628.0,567.0,511.0,443.0,342.0,317.0,289.0,254.0,255.0,311.0,271.0,246.0,316.0,243.0,215.0,106.0,81.0,78.0,37.0,14.0,0.0
0.0,0.0,21.0,52.0,91.0,175.0,251.0,327.0,481.0,561.0,559.0,573.0,464.0,348.0,289.0,284.0,324.0,294.0,275.0,315.0,310.0,280.0,276.0,330.0,315.0,294.0,315.0,282.0,310.0,270.0,292.0,323.0,304.0,285.0,383.0,324.0,320.0,331.0,373.0,312.0,397.0,365.0,410.0,439.0,429.0,436.0,608.0,581.0,741.0,824.0,913.0,1178.0,989.0,867.0,729.0,600.0,471.0,390.0,382.0,349.0,285.0,307.0,298.0,285.0,286.0,219.0,274.0,162.0,175.0,107.0,60.0,22.0,3.0,2.0,0.0,0.0,21.0,52.0,91.0,175.0,251.0,327.0,481.0,561.0,559.0,573.0,464.0,348.0,289.0,284.0,324.0,294.0,275.0,315.0,310.0,280.0,276.0,330.0,315.0,294.0,315.0,282.0,310.0,270.0,292.0,323.0,304.0,285.0,383.0,324.0,320.0,331.0,373.0,312.0,397.0,365.0,410.0,439.0,429.0,436.0,608.0,581.0,741.0,824.0,913.0,1178.0,989.0,867.0,729.0,600.0,471.0,390.0,382.0,349.0,285.0,307.0,298.0,285.0,286.0,219.0,274.0,162.0,175.0,107.0,60.0,22.0,3.0,2.0,0.0,0.0,21.0,52.0,91.0,175.0,251.0,327.0,481.0,561.0,559.0,573.0,464.0,348.0,289.0,284.0,324.0,294.0,275.0,315.0,310.0,280.0,276.0,330.0,315.0,294.0,315.0,282.0,310.0,270.0,292.0,323.0,304.0,285.0,383.0,324.0,320.0,331.0,373.0,312.0,397.0,365.0,410.0,439.0,429.0,436.0,608.0,581.0,741.0,824.0,913.0,1178.0,989.0,867.0,729.0,600.0,471.0,390.0,382.0,349.0,285.0,307.0,298.0,285.0,286.0,219.0,274.0,162.0,175.0,107.0,60.0,22.0,3.0,2.0
2.0,7.0,11.0,31.0,67.0,127.0,170.0,259.0,367.0,495.0,438.0,389.0,371.0,270.0,235.0,192.0,223.0,218.0,217.0,236.0,239.0,226.0,225.0,230.0,228.0,245.0,247.0,239.0,251.0,247.0,241.0,214.0,260.0,238.0,217.0,253.0,279.0,238.0,261.0,307.0,276.0,255.0,333.0,342.0,365.0,357.0,497.0,520.0,693.0,728.0,950.0,1153.0,1001.0,820.0,590.0,579.0,476.0,446.0,317.0,297.0,380.0,257.0,258.0,204.0,184.0,147.0,205.0,142.0,107.0,73.0,50.0,23.0,4.0,2.0,2.0,7.0,11.0,31.0,67.0,127.0,170.0,259.0,367.0,495.0,438.0,389.0,371.0,270.0,235.0,192.0,223.0,218.0,217.0,236.0,239.0,226.0,225.0,230.0,228.0,245.0,247.0,239.0,251.0,247.0,241.0,214.0,260.0,238.0,217.0,253.0,279.0,238.0,261.0,307.0,276.0,255.0,333.0,342.0,365.0,357.0,497.0,520.0,693.0,728.0,950.0,1153.0,1001.0,820.0,590.0,579.0,476.0,446.0,317.0,297.0,380.0,257.0,258.0,204.0,184.0,147.0,205.0,142.0,107.0,73.0,50.0,23.0,4.0,2.0,2.0,7.0,11.0,31.0,67.0,127.0,170.0,259.0,367.0,495.0,438.0,389.0,371.0,270.0,235.0,192.0,223.0,218.0,217.0,236.0,239.0,226.0,225.0,230.0,228.0,245.0,247.0,239.0,251.0,247.0,241.0,214.0,260.0,238.0,217.0,253.0,279.0,238.0,261.0,307.0,276.0,255.0,333.0,342.0,365.0,357.0,497.0,520.0,693.0,728.0,950.0,1153.0,1001.0,820.0,590.0,579.0,476.0,446.0,317.0,297.0,380.0,257.0,258.0,204.0,184.0,147.0,205.0,142.0,107.0,73.0,50.0,23.0,4.0,2.0
0.0,2.0,25.0,67.0,114.0,144.0,241.0,325.0,399.0,407.0,481.0,462.0,401.0,335.0,346.0,314.0,330.0,273.0,325.0,321.0,333.0,378.0,360.0,384.0,383.0,399.0,455.0,548.0,495.0,505.0,489.0,516.0,638.0,520.0,562.0,568.0,566.0,643.0,625.0,676.0,642.0,736.0,779.0,854.0,789.0,874.0,987.0,954.0,1041.0,1092.0,1313.0,1534.0,1418.0,1148.0,1007.0,1006.0,870.0,783.0,753.0,779.0,802.0,869.0,939.0,879.0,878.0,837.0,1166.0,1230.0,613.0,398.0,189.0,89.0,10.0,1.0,0.0,2.0,25.0,67.0,114.0,144.0,241.0,325.0,399.0,407.0,481.0,462.0,401.0,335.0,346.0,314.0,330.0,273.0,325.0,321.0,333.0,378.0,360.0,384.0,383.0,399.0,455.0,548.0,495.0,505.0,489.0,516.0,638.0,520.0,562.0,568.0,566.0,643.0,625.0,676.0,642.0,736.0,779.0,854.0,789.0,874.0,987.0,954.0,1041.0,1092.0,1313.0,1534.0,1418.0,1148.0,1007.0,1006.0,870.0,783.0,753.0,779.0,802.0,869.0,939.0,879.0,878.0,837.0,1166.0,1230.0,613.0,398.0,189.0,89.0,10.0,1.0,0.0,2.0,25.0,67.0,114.0,144.0,241.0,325.0,399.0,407.0,481.0,462.0,401.0,335.0,346.0,314.0,330.0,273.0,325.0,321.0,333.0,378.0,360.0,384.0,383.0,399.0,455.0,548.0,495.0,505.0,489.0,516.0,638.0,520.0,562.0,568.0,566.0,643.0,625.0,676.0,642.0,736.0,779.0,854.0,789.0,874.0,987.0,954.0,1041.0,1092.0,1313.0,1534.0,1418.0,1148.0,1007.0,1006.0,870.0,783.0,753.0,779.0,802.0,869.0,939.0,879.0,878.0,837.0,1166.0,1230.0,613.0,398.0,189.0,89.0,10.0,1.0
0.0,5.0,22.0,81.0,122.0,205.0,306.0,515.0,626.0,836.0,808.0,795.0,656.0,395.0,322.0,312.0,272.0,165.0,166.0,188.0,167.0,135.0,159.0,173.0,174.0,175.0,220.0,210.0,211.0,180.0,173.0,205.0,194.0,220.0,208.0,208.0,193.0,175.0,178.0,196.0,165.0,181.0,227.0,206.0,218.0,289.0,280.0,309.0,386.0,410.0,524.0,653.0,610.0,412.0,345.0,229.0,221.0,189.0,155.0,165.0,146.0,152.0,125.0,141.0,127.0,139.0,100.0,104.0,89.0,58.0,72.0,19.0,2.0,4.0,0.0,5.0,22.0,81.0,122.0,205.0,306.0,515.0,626.0,836.0,808.0,795.0,656.0,395.0,322.0,312.0,272.0,165.0,166.0,188.0,167.0,135.0,159.0,173.0,174.0,175.0,220.0,210.0,211.0,180.0,173.0,205.0,194.0,220.0,208.0,208.0,193.0,175.0,178.0,196.0,165.0,181.0,227.0,206.0,218.0,289.0,280.0,309.0,386.0,410.0,524.0,653.0,610.0,412.0,345.0,229.0,221.0,189.0,155.0,165.0,146.0,152.0,125.0,141.0,127.0,139.0,100.0,104.0,89.0,58.0,72.0,19.0,2.0,4.0,0.0,5.0,22.0,81.0,122.0,205.0,306.0,515.0,626.0,836.0,808.0,795.0,656.0,395.0,322.0,312.0,272.0,165.0,166.0,188.0,167.0,135.0,159.0,173.0,174.0,175.0,220.0,210.0,211.0,180.0,173.0,205.0,194.0,220.0,208.0,208.0,193.0,175.0,178.0,196.0,165.0,181.0,227.0,206.0,218.0,289.0,280.0,309.0,386.0,410.0,524.0,653.0,610.0,412.0,345.0,229.0,221.0,189.0,155.0,165.0,146.0,152.0,125.0,141.0,127.0,139.0,100.0,104.0,89.0,58.0,72.0,19.0,2.0,4.0
1.0,8.0,52.0,105.0,185.0,299.0,604.0,932.0,1146.0,1312.0,1324.0,1234.0,1042.0,714.0,543.0,472.0,396.0,360.0,370.0,326.0,335.0,320.0,354.0,315.0,270.0,268.0,300.0,333.0,366.0,356.0,283.0,384.0,348.0,416.0,361.0,340.0,339.0,304.0,320.0,316.0,363.0,299.0,330.0,367.0,375.0,340.0,403.0,459.0,638.0,928.0,958.0,1189.0,1118.0,898.0,769.0,544.0,455.0,377.0,321.0,267.0,271.0,215.0,213.0,254.0,222.0,168.0,177.0,134.0,76.0,103.0,52.0,20.0,4.0,1.0,1.0,8.0,52.0,105.0,185.0,299.0,604.0,932.0,1146.0,1312.0,1324.0,1234.0,1042.0,714.0,543.0,472.0,396.0,360.0,370.0,326.0,335.0,320.0,354.0,315.0,270.0,268.0,300.0,333.0,366.0,356.0,283.0,384.0,348.0,416.0,361.0,340.0,339.0,304.0,320.0,316.0,363.0,299.0,330.0,367.0,375.0,340.0,403.0,459.0,638.0,928.0,958.0,1189.0,1118.0,898.0,769.0,544.0,455.0,377.0,321.0,267.0,271.0,215.0,213.0,254.0,222.0,168.0,177.0,134.0,76.0,103.0,52.0,20.0,4.0,1.0,1.0,8.0,52.0,105.0,185.0,299.0,604.0,932.0,1146.0,1312.0,1324.0,1234.0,1042.0,714.0,543.0,472.0,396.0,360.0,370.0,326.0,335.0,320.0,354.0,315.0,270.0,268.0,300.0,333.0,366.0,356.0,283.0,384.0,348.0,416.0,361.0,340.0,339.0,304.0,320.0,316.0,363.0,299.0,330.0,367.0,375.0,340.0,403.0,459.0,638.0,928.0,958.0,1189.0,1118.0,898.0,769.0,544.0,455.0,377.0,321.0,267.0,271.0,215.0,213.0,254.0,222.0,168.0,177.0,134.0,76.0,103.0,52.0,20.0,4.0,1.0
2.0,6.0,51.0,149.0,226.0,426.0,674.0,993.0,1283.0,1351.0,1505.0,1383.0,1205.0,690.0,549.0,490.0,440.0,367.0,320.0,306.0,334.0,260.0,278.0,288.0,331.0,291.0,343.0,316.0,336.0,298.0,354.0,382.0,350.0,346.0,395.0,328.0,321.0,304.0,325.0,309.0,242.0,279.0,276.0,307.0,334.0,287.0,332.0,303.0,409.0,412.0,517.0,566.0,479.0,392.0,363.0,379.0,304.0,262.0,260.0,197.0,182.0,164.0,128.0,172.0,119.0,117.0,134.0,114.0,95.0,57.0,40.0,9.0,4.0,0.0,2.0,6.0,51.0,149.0,226.0,426.0,674.0,993.0,1283.0,1351.0,1505.0,1383.0,1205.0,690.0,549.0,490.0,440.0,367.0,320.0,306.0,334.0,260.0,278.0,288.0,331.0,291.0,343.0,316.0,336.0,298.0,354.0,382.0,350.0,346.0,395.0,328.0,321.0,304.0,325.0,309.0,242.0,279.0,276.0,307.0,334.0,287.0,332.0,303.0,409.0,412.0,517.0,566.0,479.0,392.0,363.0,379.0,304.0,262.0,260.0,197.0,182.0,164.0,128.0,172.0,119.0,117.0,134.0,114.0,95.0,57.0,40.0,9.0,4.0,0.0,2.0,6.0,51.0,149.0,226.0,426.0,674.0,993.0,1283.0,1351.0,1505.0,1383.0,1205.0,690.0,549.0,490.0,440.0,367.0,320.0,306.0,334.0,260.0,278.0,288.0,331.0,291.0,343.0,316.0,336.0,298.0,354.0,382.0,350.0,346.0,395.0,328.0,321.0,304.0,325.0,309.0,242.0,279.0,276.0,307.0,334.0,287.0,332.0,303.0,409.0,412.0,517.0,566.0,479.0,392.0,363.0,379.0,304.0,262.0,260.0,197.0,182.0,164.0,128.0,172.0,119.0,117.0,134.0,114.0,95.0,57.0,40.0,9.0,4.0,0.0
2.0,0.0,67.0,96.0,222.0,442.0,595.0,885.0,1121.0,1197.0,1269.0,1228.0,1001.0,546.0,440.0,309.0,305.0,295.0,179.0,222.0,206.0,186.0,218.0,213.0,181.0,160.0,197.0,207.0,195.0,221.0,235.0,242.0,231.0,224.0,229.0,234.0,178.0,183.0,147.0,167.0,170.0,154.0,166.0,156.0,189.0,174.0,179.0,237.0,283.0,320.0,344.0,351.0,250.0,285.0,282.0,241.0,165.0,152.0,150.0,109.0,106.0,83.0,93.0,99.0,86.0,86.0,64.0,53.0,52.0,39.0,15.0,5.0,1.0,0.0,2.0,0.0,67.0,96.0,222.0,442.0,595.0,885.0,1121.0,1197.0,1269.0,1228.0,1001.0,546.0,440.0,309.0,305.0,295.0,179.0,222.0,206.0,186.0,218.0,213.0,181.0,160.0,197.0,207.0,195.0,221.0,235.0,242.0,231.0,224.0,229.0,234.0,178.0,183.0,147.0,167.0,170.0,154.0,166.0,156.0,189.0,174.0,179.0,237.0,283.0,320.0,344.0,351.0,250.0,285.0,282.0,241.0,165.0,152.0,150.0,109.0,106.0,83.0,93.0,99.0,86.0,86.0,64.0,53.0,52.0,39.0,15.0,5.0,1.0,0.0,2.0,0.0,67.0,96.0,222.0,442.0,595.0,885.0,1121.0,1197.0,1269.0,1228.0,1001.0,546.0,440.0,309.0,305.0,295.0,179.0,222.0,206.0,186.0,218.0,213.0,181.0,160.0,197.0,207.0,195.0,221.0,235.0,242.0,231.0,224.0,229.0,234.0,178.0,183.0,147.0,167.0,170.0,154.0,166.0,156.0,189.0,174.0,179.0,237.0,283.0,320.0,344.0,351.0,250.0,285.0,282.0,241.0,165.0,152.0,150.0,109.0,106.0,83.0,93.0,99.0,86.0,86.0,64.0,53.0,52.0,39.0,15.0,5.0,1.0,0.0
4.0,48.0,101.0,175.0,312.0,683.0,980.0,1154.0,1479.0,1602.0,1669.0,1425.0,1200.0,864.0,604.0,651.0,531.0,435.0,422.0,353.0,375.0,305.0,327.0,336.0,361.0,312.0,300.0,344.0,442.0,359.0,428.0,382.0,415.0,413.0,418.0,444.0,374.0,318.0,350.0,300.0,276.0,328.0,280.0,327.0,343.0,320.0,400.0,478.0,425.0,385.0,550.0,465.0,514.0,420.0,397.0,295.0,290.0,245.0,196.0,164.0,173.0,156.0,159.0,136.0,146.0,134.0,112.0,74.0,63.0,60.0,26.0,2.0,3.0,1.0,4.0,48.0,101.0,175.0,312.0,683.0,980.0,1154.0,1479.0,1602.0,1669.0,1425.0,1200.0,864.0,604.0,651.0,531.0,435.0,422.0,353.0,375.0,305.0,327.0,336.0,361.0,312.0,300.0,344.0,442.0,359.0,428.0,382.0,415.0,413.0,418.0,444.0,374.0,318.0,350.0,300.0,276.0,328.0,280.0,327.0,343.0,320.0,400.0,478.0,425.0,385.0,550.0,465.0,514.0,420.0,397.0,295.0,290.0,245.0,196.0,164.0,173.0,156.0,159.0,136.0,146.0,134.0,112.0,74.0,63.0,60.0,26.0,2.0,3.0,1.0,4.0,48.0,101.0,175.0,312.0,683.0,980.0,1154.0,1479.0,1602.0,1669.0,1425.0,1200.0,864.0,604.0,651.0,531.0,435.0,422.0,353.0,375.0,305.0,327.0,336.0,361.0,312.0,300.0,344.0,442.0,359.0,428.0,382.0,415.0,413.0,418.0,444.0,374.0,318.0,350.0,300.0,276.0,328.0,280.0,327.0,343.0,320.0,400.0,478.0,425.0,385.0,550.0,465.0,514.0,420.0,397.0,295.0,290.0,245.0,196.0,164.0,173.0,156.0,159.0,136.0,146.0,134.0,112.0,74.0,63.0,60.0,26.0,2.0,3.0,1.0
2.0,35.0,89.0,132.0,286.0,575.0,963.0,1051.0,1223.0,1298.0,1183.0,1168.0,714.0,525.0,479.0,359.0,284.0,279.0,257.0,241.0,246.0,224.0,201.0,214.0,194.0,205.0,237.0,254.0,274.0,282.0,306.0,302.0,323.0,352.0,301.0,325.0,279.0,251.0,238.0,229.0,256.0,246.0,241.0,304.0,270.0,319.0,315.0,312.0,311.0,384.0,402.0,489.0,302.0,332.0,260.0,197.0,212.0,170.0,131.0,111.0,111.0,94.0,102.0,113.0,88.0,83.0,94.0,86.0,56.0,25.0,24.0,0.0,0.0,0.0,2.0,35.0,89.0,132.0,286.0,575.0,963.0,1051.0,1223.0,1298.0,1183.0,1168.0,714.0,525.0,479.0,359.0,284.0,279.0,257.0,241.0,246.0,224.0,201.0,214.0,194.0,205.0,237.0,254.0,274.0,282.0,306.0,302.0,323.0,352.0,301.0,325.0,279.0,251.0,238.0,229.0,256.0,246.0,241.0,304.0,270.0,319.0,315.0,312.0,311.0,384.0,402.0,489.0,302.0,332.0,260.0,197.0,212.0,170.0,131.0,111.0,111.0,94.0,102.0,113.0,88.0,83.0,94.0,86.0,56.0,25.0,24.0,0.0,0.0,0.0,2.0,35.0,89.0,132.0,286.0,575.0,963.0,1051.0,1223.0,1298.0,1183.0,1168.0,714.0,525.0,479.0,359.0,284.0,279.0,257.0,241.0,246.0,224.0,201.0,214.0,194.0,205.0,237.0,254.0,274.0,282.0,306.0,302.0,323.0,352.0,301.0,325.0,279.0,251.0,238.0,229.0,256.0,246.0,241.0,304.0,270.0,319.0,315.0,312.0,311.0,384.0,402.0,489.0,302.0,332.0,260.0,197.0,212.0,170.0,131.0,111.0,111.0,94.0,102.0,113.0,88.0,83.0,94.0,86.0,56.0,25.0,24.0,0.0,0.0,0.0
2.0,7.0,36.0,91.0,129.0,234.0,343.0,538.0,703.0,919.0,1055.0,819.0,704.0,427.0,325.0,292.0,206.0,238.0,174.0,172.0,178.0,175.0,169.0,171.0,115.0,205.0,175.0,175.0,163.0,209.0,191.0,219.0,157.0,174.0,205.0,182.0,152.0,141.0,118.0,171.0,200.0,163.0,174.0,215.0,201.0,163.0,190.0,233.0,275.0,538.0,696.0,741.0,697.0,534.0,562.0,375.0,494.0,314.0,208.0,187.0,153.0,153.0,165.0,116.0,146.0,81.0,71.0,86.0,92.0,40.0,0.0,0.0,0.0,0.0,2.0,7.0,36.0,91.0,129.0,234.0,343.0,538.0,703.0,919.0,1055.0,819.0,704.0,427.0,325.0,292.0,206.0,238.0,174.0,172.0,178.0,175.0,169.0,171.0,115.0,205.0,175.0,175.0,163.0,209.0,191.0,219.0,157.0,174.0,205.0,182.0,152.0,141.0,118.0,171.0,200.0,163.0,174.0,215.0,201.0,163.0,190.0,233.0,275.0,538.0,696.0,741.0,697.0,534.0,562.0,375.0,494.0,314.0,208.0,187.0,153.0,153.0,165.0,116.0,146.0,81.0,71.0,86.0,92.0,40.0,0.0,0.0,0.0,0.0,2.0,7.0,36.0,91.0,129.0,234.0,343.0,538.0,703.0,919.0,1055.0,819.0,704.0,427.0,325.0,292.0,206.0,238.0,174.0,172.0,178.0,175.0,169.0,171.0,115.0,205.0,175.0,175.0,163.0,209.0,191.0,219.0,157.0,174.0,205.0,182.0,152.0,141.0,118.0,171.0,200.0,163.0,174.0,215.0,201.0,163.0,190.0,233.0,275.0,538.0,696.0,741.0,697.0,534.0,562.0,375.0,494.0,314.0,208.0,187.0,153.0,153.0,165.0,116.0,146.0,81.0,71.0,86.0,92.0,40.0,0.0,0.0,0.0,0.0
0.0,9.0,76.0,126.0,276.0,504.0,782.0,1094.0,1475.0,1755.0,1889.0,1750.0,1315.0,642.0,502.0,406.0,317.0,334.0,282.0,292.0,276.0,244.0,227.0,151.0,146.0,138.0,131.0,170.0,160.0,198.0,167.0,199.0,188.0,148.0,198.0,197.0,146.0,135.0,260.0,262.0,245.0,252.0,232.0,306.0,284.0,283.0,293.0,368.0,365.0,474.0,576.0,727.0,512.0,492.0,422.0,367.0,309.0,273.0,322.0,194.0,209.0,167.0,194.0,185.0,156.0,139.0,141.0,127.0,112.0,70.0,7.0,2.0,1.0,0.0,0.0,9.0,76.0,126.0,276.0,504.0,782.0,1094.0,1475.0,1755.0,1889.0,1750.0,1315.0,642.0,502.0,406.0,317.0,334.0,282.0,292.0,276.0,244.0,227.0,151.0,146.0,138.0,131.0,170.0,160.0,198.0,167.0,199.0,188.0,148.0,198.0,197.0,146.0,135.0,260.0,262.0,245.0,252.0,232.0,306.0,284.0,283.0,293.0,368.0,365.0,474.0,576.0,727.0,512.0,492.0,422.0,367.0,309.0,273.0,322.0,194.0,209.0,167.0,194.0,185.0,156.0,139.0,141.0,127.0,112.0,70.0,7.0,2.0,1.0,0.0,0.0,9.0,76.0,126.0,276.0,504.0,782.0,1094.0,1475.0,1755.0,1889.0,1750.0,1315.0,642.0,502.0,406.0,317.0,334.0,282.0,292.0,276.0,244.0,227.0,151.0,146.0,138.0,131.0,170.0,160.0,198.0,167.0,199.0,188.0,148.0,198.0,197.0,146.0,135.0,260.0,262.0,245.0,252.0,232.0,306.0,284.0,283.0,293.0,368.0,365.0,474.0,576.0,727.0,512.0,492.0,422.0,367.0,309.0,273.0,322.0,194.0,209.0,167.0,194.0,185.0,156.0,139.0,141.0,127.0,112.0,70.0,7.0,2.0,1.0,0.0
2.0,12.0,24.0,29.0,62.0,183.0,332.0,436.0,586.0,769.0,844.0,754.0,517.0,422.0,290.0,279.0,270.0,194.0,216.0,255.0,217.0,251.0,197.0,156.0,126.0,82.0,92.0,103.0,131.0,120.0,96.0,111.0,111.0,106.0,109.0,111.0,98.0,235.0,225.0,220.0,247.0,249.0,252.0,281.0,282.0,315.0,475.0,531.0,651.0,912.0,1066.0,1135.0,1119.0,991.0,845.0,800.0,607.0,417.0,394.0,367.0,354.0,314.0,237.0,273.0,270.0,249.0,189.0,242.0,181.0,113.0,23.0,16.0,0.0,0.0,2.0,12.0,24.0,29.0,62.0,183.0,332.0,436.0,586.0,769.0,844.0,754.0,517.0,422.0,290.0,279.0,270.0,194.0,216.0,255.0,217.0,251.0,197.0,156.0,126.0,82.0,92.0,103.0,131.0,120.0,96.0,111.0,111.0,106.0,109.0,111.0,98.0,235.0,225.0,220.0,247.0,249.0,252.0,281.0,282.0,315.0,475.0,531.0,651.0,912.0,1066.0,1135.0,1119.0,991.0,845.0,800.0,607.0,417.0,394.0,367.0,354.0,314.0,237.0,273.0,270.0,249.0,189.0,242.0,181.0,113.0,23.0,16.0,0.0,0.0,2.0,12.0,24.0,29.0,62.0,183.0,332.0,436.0,586.0,769.0,844.0,754.0,517.0,422.0,290.0,279.0,270.0,194.0,216.0,255.0,217.0,251.0,197.0,156.0,126.0,82.0,92.0,103.0,131.0,120.0,96.0,111.0,111.0,106.0,109.0,111.0,98.0,235.0,225.0,220.0,247.0,249.0,252.0,281.0,282.0,315.0,475.0,531.0,651.0,912.0,1066.0,1135.0,1119.0,991.0,845.0,800.0,607.0,417.0,394.0,367.0,354.0,314.0,237.0,273.0,270.0,249.0,189.0,242.0,181.0,113.0,23.0,16.0,0.0,0.0
0.0,2.0,13.0,40.0,62.0,131.0,201.0,330.0,445.0,490.0,557.0,492.0,344.0,268.0,212.0,226.0,222.0,205.0,202.0,235.0,256.0,206.0,239.0,215.0,242.0,264.0,222.0,231.0,242.0,256.0,229.0,241.0,237.0,213.0,264.0,290.0,261.0,274.0,254.0,311.0,273.0,305.0,332.0,333.0,331.0,265.0,423.0,628.0,936.0,1323.0,1137.0,1499.0,1384.0,1089.0,792.0,657.0,555.0,398.0,337.0,272.0,239.0,275.0,243.0,209.0,208.0,168.0,208.0,332.0,125.0,83.0,24.0,0.0,0.0,2.0,0.0,2.0,13.0,40.0,62.0,131.0,201.0,330.0,445.0,490.0,557.0,492.0,344.0,268.0,212.0,226.0,222.0,205.0,202.0,235.0,256.0,206.0,239.0,215.0,242.0,264.0,222.0,231.0,242.0,256.0,229.0,241.0,237.0,213.0,264.0,290.0,261.0,274.0,254.0,311.0,273.0,305.0,332.0,333.0,331.0,265.0,423.0,628.0,936.0,1323.0,1137.0,1499.0,1384.0,1089.0,792.0,657.0,555.0,398.0,337.0,272.0,239.0,275.0,243.0,209.0,208.0,168.0,208.0,332.0,125.0,83.0,24.0,0.0,0.0,2.0,0.0,2.0,13.0,40.0,62.0,131.0,201.0,330.0,445.0,490.0,557.0,492.0,344.0,268.0,212.0,226.0,222.0,205.0,202.0,235.0,256.0,206.0,239.0,215.0,242.0,264.0,222.0,231.0,242.0,256.0,229.0,241.0,237.0,213.0,264.0,290.0,261.0,274.0,254.0,311.0,273.0,305.0,332.0,333.0,331.0,265.0,423.0,628.0,936.0,1323.0,1137.0,1499.0,1384.0,1089.0,792.0,657.0,555.0,398.0,337.0,272.0,239.0,275.0,243.0,209.0,208.0,168.0,208.0,332.0,125.0,83.0,24.0,0.0,0.0,2.0
1.0,5.0,20.0,76.0,125.0,227.0,385.0,592.0,849.0,1044.0,1108.0,914.0,790.0,554.0,303.0,205.0,206.0,182.0,188.0,147.0,172.0,150.0,166.0,169.0,180.0,191.0,206.0,178.0,165.0,154.0,169.0,181.0,122.0,162.0,145.0,186.0,210.0,257.0,273.0,287.0,289.0,256.0,310.0,267.0,318.0,390.0,491.0,512.0,602.0,837.0,928.0,1275.0,990.0,884.0,914.0,664.0,522.0,469.0,334.0,342.0,232.0,231.0,231.0,211.0,185.0,198.0,166.0,82.0,70.0,39.0,13.0,2.0,0.0,0.0,1.0,5.0,20.0,76.0,125.0,227.0,385.0,592.0,849.0,1044.0,1108.0,914.0,790.0,554.0,303.0,205.0,206.0,182.0,188.0,147.0,172.0,150.0,166.0,169.0,180.0,191.0,206.0,178.0,165.0,154.0,169.0,181.0,122.0,162.0,145.0,186.0,210.0,257.0,273.0,287.0,289.0,256.0,310.0,267.0,318.0,390.0,491.0,512.0,602.0,837.0,928.0,1275.0,990.0,884.0,914.0,664.0,522.0,469.0,334.0,342.0,232.0,231.0,231.0,211.0,185.0,198.0,166.0,82.0,70.0,39.0,13.0,2.0,0.0,0.0,1.0,5.0,20.0,76.0,125.0,227.0,385.0,592.0,849.0,1044.0,1108.0,914.0,790.0,554.0,303.0,205.0,206.0,182.0,188.0,147.0,172.0,150.0,166.0,169.0,180.0,191.0,206.0,178.0,165.0,154.0,169.0,181.0,122.0,162.0,145.0,186.0,210.0,257.0,273.0,287.0,289.0,256.0,310.0,267.0,318.0,390.0,491.0,512.0,602.0,837.0,928.0,1275.0,990.0,884.0,914.0,664.0,522.0,469.0,334.0,342.0,232.0,231.0,231.0,211.0,185.0,198.0,166.0,82.0,70.0,39.0,13.0,2.0,0.0,0.0
1.0,1.0,22.0,51.0,70.0,166.0,279.0,415.0,528.0,720.0,770.0,784.0,583.0,420.0,290.0,283.0,273.0,232.0,209.0,220.0,198.0,117.0,151.0,96.0,141.0,166.0,188.0,136.0,101.0,128.0,174.0,172.0,152.0,167.0,180.0,169.0,96.0,109.0,118.0,105.0,187.0,176.0,212.0,239.0,254.0,296.0,337.0,397.0,468.0,472.0,518.0,647.0,635.0,471.0,355.0,314.0,232.0,221.0,201.0,192.0,143.0,159.0,118.0,165.0,143.0,149.0,110.0,110.0,92.0,68.0,42.0,11.0,0.0,0.0,1.0,1.0,22.0,51.0,70.0,166.0,279.0,415.0,528.0,720.0,770.0,784.0,583.0,420.0,290.0,283.0,273.0,232.0,209.0,220.0,198.0,117.0,151.0,96.0,141.0,166.0,188.0,136.0,101.0,128.0,174.0,172.0,152.0,167.0,180.0,169.0,96.0,109.0,118.0,105.0,187.0,176.0,212.0,239.0,254.0,296.0,337.0,397.0,468.0,472.0,518.0,647.0,635.0,471.0,355.0,314.0,232.0,221.0,201.0,192.0,143.0,159.0,118.0,165.0,143.0,149.0,110.0,110.0,92.0,68.0,42.0,11.0,0.0,0.0,1.0,1.0,22.0,51.0,70.0,166.0,279.0,415.0,528.0,720.0,770.0,784.0,583.0,420.0,290.0,283.0,273.0,232.0,209.0,220.0,198.0,117.0,151.0,96.0,141.0,166.0,188.0,136.0,101.0,128.0,174.0,172.0,152.0,167.0,180.0,169.0,96.0,109.0,118.0,105.0,187.0,176.0,212.0,239.0,254.0,296.0,337.0,397.0,468.0,472.0,518.0,647.0,635.0,471.0,355.0,314.0,232.0,221.0,201.0,192.0,143.0,159.0,118.0,165.0,143.0,149.0,110.0,110.0,92.0,68.0,42.0,11.0,0.0,0.0
0.0,3.0,7.0,24.0,57.0,46.0,123.0,132.0,126.0,228.0,159.0,151.0,165.0,98.0,130.0,110.0,105.0,78.0,111.0,98.0,97.0,100.0,108.0,129.0,146.0,135.0,137.0,153.0,153.0,168.0,240.0,240.0,202.0,249.0,266.0,220.0,121.0,174.0,143.0,148.0,236.0,196.0,258.0,299.0,330.0,346.0,348.0,392.0,423.0,403.0,477.0,529.0,484.0,433.0,417.0,497.0,382.0,414.0,343.0,372.0,405.0,433.0,502.0,497.0,376.0,370.0,229.0,92.0,25.0,12.0,11.0,2.0,1.0,0.0,0.0,3.0,7.0,24.0,57.0,46.0,123.0,132.0,126.0,228.0,159.0,151.0,165.0,98.0,130.0,110.0,105.0,78.0,111.0,98.0,97.0,100.0,108.0,129.0,146.0,135.0,137.0,153.0,153.0,168.0,240.0,240.0,202.0,249.0,266.0,220.0,121.0,174.0,143.0,148.0,236.0,196.0,258.0,299.0,330.0,346.0,348.0,392.0,423.0,403.0,477.0,529.0,484.0,433.0,417.0,497.0,382.0,414.0,343.0,372.0,405.0,433.0,502.0,497.0,376.0,370.0,229.0,92.0,25.0,12.0,11.0,2.0,1.0,0.0,0.0,3.0,7.0,24.0,57.0,46.0,123.0,132.0,126.0,228.0,159.0,151.0,165.0,98.0,130.0,110.0,105.0,78.0,111.0,98.0,97.0,100.0,108.0,129.0,146.0,135.0,137.0,153.0,153.0,168.0,240.0,240.0,202.0,249.0,266.0,220.0,121.0,174.0,143.0,148.0,236.0,196.0,258.0,299.0,330.0,346.0,348.0,392.0,423.0,403.0,477.0,529.0,484.0,433.0,417.0,497.0,382.0,414.0,343.0,372.0,405.0,433.0,502.0,497.0,376.0,370.0,229.0,92.0,25.0,12.0,11.0,2.0,1.0,0.0
12.0,0.0,3.0,13.0,40.0,93.0,144.0,268.0,344.0,428.0,410.0,384.0,331.0,206.0,190.0,149.0,132.0,127.0,114.0,141.0,116.0,150.0,121.0,118.0,146.0,136.0,152.0,163.0,164.0,183.0,131.0,204.0,178.0,195.0,209.0,199.0,184.0,152.0,180.0,197.0,231.0,230.0,262.0,305.0,289.0,289.0,336.0,306.0,413.0,478.0,615.0,711.0,610.0,515.0,434.0,346.0,294.0,189.0,192.0,194.0,178.0,175.0,166.0,397.0,320.0,218.0,162.0,167.0,111.0,95.0,37.0,13.0,4.0,2.0,12.0,0.0,3.0,13.0,40.0,93.0,144.0,268.0,344.0,428.0,410.0,384.0,331.0,206.0,190.0,149.0,132.0,127.0,114.0,141.0,116.0,150.0,121.0,118.0,146.0,136.0,152.0,163.0,164.0,183.0,131.0,204.0,178.0,195.0,209.0,199.0,184.0,152.0,180.0,197.0,231.0,230.0,262.0,305.0,289.0,289.0,336.0,306.0,413.0,478.0,615.0,711.0,610.0,515.0,434.0,346.0,294.0,189.0,192.0,194.0,178.0,175.0,166.0,397.0,320.0,218.0,162.0,167.0,111.0,95.0,37.0,13.0,4.0,2.0,12.0,0.0,3.0,13.0,40.0,93.0,144.0,268.0,344.0,428.0,410.0,384.0,331.0,206.0,190.0,149.0,132.0,127.0,114.0,141.0,116.0,150.0,121.0,118.0,146.0,136.0,152.0,163.0,164.0,183.0,131.0,204.0,178.0,195.0,209.0,199.0,184.0,152.0,180.0,197.0,231.0,230.0,262.0,305.0,289.0,289.0,336.0,306.0,413.0,478.0,615.0,711.0,610.0,515.0,434.0,346.0,294.0,189.0,192.0,194.0,178.0,175.0,166.0,397.0,320.0,218.0,162.0,167.0,111.0,95.0,37.0,13.0,4.0,2.0
0.0,0.0,2.0,25.0,85.0,209.0,314.0,522.0,618.0,719.0,707.0,621.0,475.0,281.0,235.0,217.0,174.0,133.0,114.0,128.0,136.0,107.0,121.0,102.0,129.0,113.0,118.0,115.0,118.0,117.0,153.0,126.0,152.0,141.0,150.0,157.0,128.0,145.0,118.0,132.0,133.0,130.0,144.0,162.0,189.0,141.0,181.0,185.0,154.0,155.0,201.0,395.0,289.0,259.0,202.0,182.0,164.0,141.0,144.0,119.0,115.0,109.0,109.0,138.0,99.0,49.0,34.0,32.0,37.0,23.0,8.0,2.0,0.0,0.0,0.0,0.0,2.0,25.0,85.0,209.0,314.0,522.0,618.0,719.0,707.0,621.0,475.0,281.0,235.0,217.0,174.0,133.0,114.0,128.0,136.0,107.0,121.0,102.0,129.0,113.0,118.0,115.0,118.0,117.0,153.0,126.0,152.0,141.0,150.0,157.0,128.0,145.0,118.0,132.0,133.0,130.0,144.0,162.0,189.0,141.0,181.0,185.0,154.0,155.0,201.0,395.0,289.0,259.0,202.0,182.0,164.0,141.0,144.0,119.0,115.0,109.0,109.0,138.0,99.0,49.0,34.0,32.0,37.0,23.0,8.0,2.0,0.0,0.0,0.0,0.0,2.0,25.0,85.0,209.0,314.0,522.0,618.0,719.0,707.0,621.0,475.0,281.0,235.0,217.0,174.0,133.0,114.0,128.0,136.0,107.0,121.0,102.0,129.0,113.0,118.0,115.0,118.0,117.0,153.0,126.0,152.0,141.0,150.0,157.0,128.0,145.0,118.0,132.0,133.0,130.0,144.0,162.0,189.0,141.0,181.0,185.0,154.0,155.0,201.0,395.0,289.0,259.0,202.0,182.0,164.0,141.0,144.0,119.0,115.0,109.0,109.0,138.0,99.0,49.0,34.0,32.0,37.0,23.0,8.0,2.0,0.0,0.0
1.0,1.0,2.0,38.0,155.0,270.0,446.0,689.0,860.0,1069.0,956.0,947.0,664.0,429.0,376.0,255.0,232.0,199.0,163.0,184.0,162.0,162.0,153.0,146.0,173.0,148.0,155.0,180.0,175.0,150.0,156.0,188.0,181.0,164.0,196.0,171.0,164.0,157.0,190.0,154.0,160.0,160.0,209.0,174.0,175.0,154.0,212.0,263.0,314.0,459.0,549.0,597.0,545.0,405.0,328.0,238.0,220.0,164.0,166.0,142.0,120.0,109.0,115.0,117.0,122.0,117.0,128.0,117.0,63.0,59.0,19.0,4.0,3.0,1.0,1.0,1.0,2.0,38.0,155.0,270.0,446.0,689.0,860.0,1069.0,956.0,947.0,664.0,429.0,376.0,255.0,232.0,199.0,163.0,184.0,162.0,162.0,153.0,146.0,173.0,148.0,155.0,180.0,175.0,150.0,156.0,188.0,181.0,164.0,196.0,171.0,164.0,157.0,190.0,154.0,160.0,160.0,209.0,174.0,175.0,154.0,212.0,263.0,314.0,459.0,549.0,597.0,545.0,405.0,328.0,238.0,220.0,164.0,166.0,142.0,120.0,109.0,115.0,117.0,122.0,117.0,128.0,117.0,63.0,59.0,19.0,4.0,3.0,1.0,1.0,1.0,2.0,38.0,155.0,270.0,446.0,689.0,860.0,1069.0,956.0,947.0,664.0,429.0,376.0,255.0,232.0,199.0,163.0,184.0,162.0,162.0,153.0,146.0,173.0,148.0,155.0,180.0,175.0,150.0,156.0,188.0,181.0,164.0,196.0,171.0,164.0,157.0,190.0,154.0,160.0,160.0,209.0,174.0,175.0,154.0,212.0,263.0,314.0,459.0,549.0,597.0,545.0,405.0,328.0,238.0,220.0,164.0,166.0,142.0,120.0,109.0,115.0,117.0,122.0,117.0,128.0,117.0,63.0,59.0,19.0,4.0,3.0,1.0
0.0,1.0,2.0,19.0,87.0,173.0,301.0,453.0,592.0,604.0,584.0,440.0,309.0,231.0,185.0,143.0,129.0,116.0,85.0,94.0,91.0,84.0,76.0,98.0,86.0,80.0,105.0,110.0,116.0,95.0,99.0,144.0,120.0,111.0,131.0,110.0,132.0,117.0,120.0,123.0,104.0,106.0,117.0,108.0,108.0,117.0,168.0,201.0,189.0,320.0,427.0,443.0,332.0,287.0,220.0,160.0,166.0,107.0,143.0,159.0,125.0,133.0,168.0,165.0,113.0,125.0,140.0,106.0,67.0,44.0,23.0,7.0,1.0,1.0,0.0,1.0,2.0,19.0,87.0,173.0,301.0,453.0,592.0,604.0,584.0,440.0,309.0,231.0,185.0,143.0,129.0,116.0,85.0,94.0,91.0,84.0,76.0,98.0,86.0,80.0,105.0,110.0,116.0,95.0,99.0,144.0,120.0,111.0,131.0,110.0,132.0,117.0,120.0,123.0,104.0,106.0,117.0,108.0,108.0,117.0,168.0,201.0,189.0,320.0,427.0,443.0,332.0,287.0,220.0,160.0,166.0,107.0,143.0,159.0,125.0,133.0,168.0,165.0,113.0,125.0,140.0,106.0,67.0,44.0,23.0,7.0,1.0,1.0,0.0,1.0,2.0,19.0,87.0,173.0,301.0,453.0,592.0,604.0,584.0,440.0,309.0,231.0,185.0,143.0,129.0,116.0,85.0,94.0,91.0,84.0,76.0,98.0,86.0,80.0,105.0,110.0,116.0,95.0,99.0,144.0,120.0,111.0,131.0,110.0,132.0,117.0,120.0,123.0,104.0,106.0,117.0,108.0,108.0,117.0,168.0,201.0,189.0,320.0,427.0,443.0,332.0,287.0,220.0,160.0,166.0,107.0,143.0,159.0,125.0,133.0,168.0,165.0,113.0,125.0,140.0,106.0,67.0,44.0,23.0,7.0,1.0,1.0
0.0,0.0,0.0,26.0,60.0,126.0,227.0,295.0,398.0,453.0,522.0,450.0,289.0,175.0,184.0,115.0,116.0,109.0,129.0,99.0,104.0,81.0,87.0,95.0,84.0,88.0,122.0,127.0,132.0,149.0,112.0,139.0,135.0,117.0,150.0,137.0,136.0,125.0,97.0,112.0,126.0,132.0,143.0,180.0,182.0,152.0,161.0,228.0,237.0,340.0,378.0,549.0,421.0,314.0,222.0,245.0,256.0,140.0,121.0,122.0,129.0,122.0,134.0,121.0,122.0,137.0,125.0,120.0,65.0,50.0,22.0,3.0,0.0,0.0,0.0,0.0,0.0,26.0,60.0,126.0,227.0,295.0,398.0,453.0,522.0,450.0,289.0,175.0,184.0,115.0,116.0,109.0,129.0,99.0,104.0,81.0,87.0,95.0,84.0,88.0,122.0,127.0,132.0,149.0,112.0,139.0,135.0,117.0,150.0,137.0,136.0,125.0,97.0,112.0,126.0,132.0,143.0,180.0,182.0,152.0,161.0,228.0,237.0,340.0,378.0,549.0,421.0,314.0,222.0,245.0,256.0,140.0,121.0,122.0,129.0,122.0,134.0,121.0,122.0,137.0,125.0,120.0,65.0,50.0,22.0,3.0,0.0,0.0,0.0,0.0,0.0,26.0,60.0,126.0,227.0,295.0,398.0,453.0,522.0,450.0,289.0,175.0,184.0,115.0,116.0,109.0,129.0,99.0,104.0,81.0,87.0,95.0,84.0,88.0,122.0,127.0,132.0,149.0,112.0,139.0,135.0,117.0,150.0,137.0,136.0,125.0,97.0,112.0,126.0,132.0,143.0,180.0,182.0,152.0,161.0,228.0,237.0,340.0,378.0,549.0,421.0,314.0,222.0,245.0,256.0,140.0,121.0,122.0,129.0,122.0,134.0,121.0,122.0,137.0,125.0,120.0,65.0,50.0,22.0,3.0,0.0,0.0
2.0,0.0,2.0,14.0,61.0,97.0,167.0,297.0,351.0,415.0,412.0,312.0,216.0,177.0,148.0,140.0,111.0,109.0,100.0,121.0,84.0,96.0,85.0,88.0,82.0,106.0,128.0,98.0,102.0,82.0,116.0,98.0,105.0,70.0,84.0,110.0,86.0,78.0,85.0,91.0,84.0,103.0,110.0,138.0,142.0,146.0,135.0,172.0,201.0,286.0,316.0,363.0,258.0,267.0,240.0,167.0,136.0,120.0,124.0,112.0,74.0,94.0,64.0,111.0,96.0,45.0,54.0,60.0,45.0,30.0,11.0,5.0,0.0,1.0,2.0,0.0,2.0,14.0,61.0,97.0,167.0,297.0,351.0,415.0,412.0,312.0,216.0,177.0,148.0,140.0,111.0,109.0,100.0,121.0,84.0,96.0,85.0,88.0,82.0,106.0,128.0,98.0,102.0,82.0,116.0,98.0,105.0,70.0,84.0,110.0,86.0,78.0,85.0,91.0,84.0,103.0,110.0,138.0,142.0,146.0,135.0,172.0,201.0,286.0,316.0,363.0,258.0,267.0,240.0,167.0,136.0,120.0,124.0,112.0,74.0,94.0,64.0,111.0,96.0,45.0,54.0,60.0,45.0,30.0,11.0,5.0,0.0,1.0,2.0,0.0,2.0,14.0,61.0,97.0,167.0,297.0,351.0,415.0,412.0,312.0,216.0,177.0,148.0,140.0,111.0,109.0,100.0,121.0,84.0,96.0,85.0,88.0,82.0,106.0,128.0,98.0,102.0,82.0,116.0,98.0,105.0,70.0,84.0,110.0,86.0,78.0,85.0,91.0,84.0,103.0,110.0,138.0,142.0,146.0,135.0,172.0,201.0,286.0,316.0,363.0,258.0,267.0,240.0,167.0,136.0,120.0,124.0,112.0,74.0,94.0,64.0,111.0,96.0,45.0,54.0,60.0,45.0,30.0,11.0,5.0,0.0,1.0
0.0,0.0,0.0,0.0,0.0,0.0,0.0,0.0,0.0,0.0,0.0,0.0,0.0,0.0,0.0,0.0,0.0,0.0,0.0,0.0,0.0,0.0,0.0,0.0,0.0,0.0,0.0,0.0,0.0,0.0,0.0,0.0,0.0,0.0,0.0,0.0,0.0,0.0,0.0,0.0,0.0,0.0,0.0,0.0,0.0,0.0,0.0,0.0,0.0,0.0,0.0,0.0,0.0,0.0,0.0,0.0,0.0,0.0,0.0,0.0,0.0,0.0,0.0,0.0,0.0,0.0,0.0,0.0,0.0,0.0,0.0,0.0,0.0,0.0,0.0,0.0,0.0,0.0,0.0,0.0,0.0,0.0,0.0,0.0,0.0,0.0,0.0,0.0,0.0,0.0,0.0,0.0,0.0,0.0,0.0,0.0,0.0,0.0,0.0,0.0,0.0,0.0,0.0,0.0,0.0,0.0,0.0,0.0,0.0,0.0,0.0,0.0,0.0,0.0,0.0,0.0,0.0,0.0,0.0,0.0,0.0,0.0,0.0,0.0,0.0,0.0,0.0,0.0,0.0,0.0,0.0,0.0,0.0,0.0,0.0,0.0,0.0,0.0,0.0,0.0,0.0,0.0,0.0,0.0,0.0,0.0,0.0,0.0,0.0,0.0,0.0,0.0,0.0,0.0,0.0,0.0,0.0,0.0,0.0,0.0,0.0,0.0,0.0,0.0,0.0,0.0,0.0,0.0,0.0,0.0,0.0,0.0,0.0,0.0,0.0,0.0,0.0,0.0,0.0,0.0,0.0,0.0,0.0,0.0,0.0,0.0,0.0,0.0,0.0,0.0,0.0,0.0,0.0,0.0,0.0,0.0,0.0,0.0,0.0,0.0,0.0,0.0,0.0,0.0,0.0,0.0,0.0,0.0,0.0,0.0,0.0,0.0,0.0,0.0,0.0,0.0,0.0,0.0,0.0,0.0,0.0,0.0
0.0,7.0,8.0,35.0,92.0,173.0,240.0,346.0,428.0,421.0,466.0,379.0,294.0,203.0,188.0,150.0,136.0,138.0,120.0,109.0,133.0,103.0,102.0,129.0,122.0,91.0,124.0,125.0,123.0,136.0,161.0,187.0,169.0,143.0,176.0,100.0,91.0,123.0,68.0,76.0,92.0,98.0,104.0,110.0,127.0,92.0,100.0,115.0,175.0,228.0,290.0,398.0,205.0,148.0,127.0,92.0,116.0,85.0,97.0,103.0,107.0,76.0,90.0,71.0,79.0,62.0,108.0,54.0,34.0,29.0,20.0,6.0,1.0,0.0,0.0,7.0,8.0,35.0,92.0,173.0,240.0,346.0,428.0,421.0,466.0,379.0,294.0,203.0,188.0,150.0,136.0,138.0,120.0,109.0,133.0,103.0,102.0,129.0,122.0,91.0,124.0,125.0,123.0,136.0,161.0,187.0,169.0,143.0,176.0,100.0,91.0,123.0,68.0,76.0,92.0,98.0,104.0,110.0,127.0,92.0,100.0,115.0,175.0,228.0,290.0,398.0,205.0,148.0,127.0,92.0,116.0,85.0,97.0,103.0,107.0,76.0,90.0,71.0,79.0,62.0,108.0,54.0,34.0,29.0,20.0,6.0,1.0,0.0,0.0,7.0,8.0,35.0,92.0,173.0,240.0,346.0,428.0,421.0,466.0,379.0,294.0,203.0,188.0,150.0,136.0,138.0,120.0,109.0,133.0,103.0,102.0,129.0,122.0,91.0,124.0,125.0,123.0,136.0,161.0,187.0,169.0,143.0,176.0,100.0,91.0,123.0,68.0,76.0,92.0,98.0,104.0,110.0,127.0,92.0,100.0,115.0,175.0,228.0,290.0,398.0,205.0,148.0,127.0,92.0,116.0,85.0,97.0,103.0,107.0,76.0,90.0,71.0,79.0,62.0,108.0,54.0,34.0,29.0,20.0,6.0,1.0,0.0
3.0,0.0,5.0,43.0,121.0,224.0,327.0,478.0,639.0,681.0,609.0,545.0,381.0,278.0,217.0,217.0,168.0,146.0,129.0,94.0,107.0,78.0,94.0,95.0,87.0,72.0,115.0,90.0,80.0,75.0,103.0,85.0,86.0,98.0,91.0,80.0,103.0,65.0,79.0,72.0,67.0,99.0,71.0,75.0,88.0,95.0,110.0,140.0,169.0,195.0,174.0,241.0,167.0,152.0,144.0,120.0,63.0,92.0,65.0,77.0,76.0,84.0,81.0,67.0,46.0,24.0,41.0,27.0,28.0,27.0,5.0,2.0,1.0,0.0,3.0,0.0,5.0,43.0,121.0,224.0,327.0,478.0,639.0,681.0,609.0,545.0,381.0,278.0,217.0,217.0,168.0,146.0,129.0,94.0,107.0,78.0,94.0,95.0,87.0,72.0,115.0,90.0,80.0,75.0,103.0,85.0,86.0,98.0,91.0,80.0,103.0,65.0,79.0,72.0,67.0,99.0,71.0,75.0,88.0,95.0,110.0,140.0,169.0,195.0,174.0,241.0,167.0,152.0,144.0,120.0,63.0,92.0,65.0,77.0,76.0,84.0,81.0,67.0,46.0,24.0,41.0,27.0,28.0,27.0,5.0,2.0,1.0,0.0,3.0,0.0,5.0,43.0,121.0,224.0,327.0,478.0,639.0,681.0,609.0,545.0,381.0,278.0,217.0,217.0,168.0,146.0,129.0,94.0,107.0,78.0,94.0,95.0,87.0,72.0,115.0,90.0,80.0,75.0,103.0,85.0,86.0,98.0,91.0,80.0,103.0,65.0,79.0,72.0,67.0,99.0,71.0,75.0,88.0,95.0,110.0,140.0,169.0,195.0,174.0,241.0,167.0,152.0,144.0,120.0,63.0,92.0,65.0,77.0,76.0,84.0,81.0,67.0,46.0,24.0,41.0,27.0,28.0,27.0,5.0,2.0,1.0,0.0
0.0,2.0,12.0,118.0,208.0,386.0,614.0,905.0,1285.0,1283.0,1328.0,1017.0,727.0,514.0,375.0,279.0,338.0,220.0,248.0,200.0,199.0,144.0,168.0,180.0,145.0,165.0,147.0,176.0,130.0,151.0,188.0,184.0,192.0,188.0,194.0,178.0,191.0,133.0,164.0,173.0,138.0,179.0,134.0,184.0,178.0,160.0,192.0,208.0,245.0,307.0,275.0,371.0,300.0,263.0,260.0,266.0,255.0,290.0,215.0,228.0,139.0,133.0,95.0,102.0,91.0,102.0,74.0,73.0,44.0,50.0,9.0,7.0,1.0,0.0,0.0,2.0,12.0,118.0,208.0,386.0,614.0,905.0,1285.0,1283.0,1328.0,1017.0,727.0,514.0,375.0,279.0,338.0,220.0,248.0,200.0,199.0,144.0,168.0,180.0,145.0,165.0,147.0,176.0,130.0,151.0,188.0,184.0,192.0,188.0,194.0,178.0,191.0,133.0,164.0,173.0,138.0,179.0,134.0,184.0,178.0,160.0,192.0,208.0,245.0,307.0,275.0,371.0,300.0,263.0,260.0,266.0,255.0,290.0,215.0,228.0,139.0,133.0,95.0,102.0,91.0,102.0,74.0,73.0,44.0,50.0,9.0,7.0,1.0,0.0,0.0,2.0,12.0,118.0,208.0,386.0,614.0,905.0,1285.0,1283.0,1328.0,1017.0,727.0,514.0,375.0,279.0,338.0,220.0,248.0,200.0,199.0,144.0,168.0,180.0,145.0,165.0,147.0,176.0,130.0,151.0,188.0,184.0,192.0,188.0,194.0,178.0,191.0,133.0,164.0,173.0,138.0,179.0,134.0,184.0,178.0,160.0,192.0,208.0,245.0,307.0,275.0,371.0,300.0,263.0,260.0,266.0,255.0,290.0,215.0,228.0,139.0,133.0,95.0,102.0,91.0,102.0,74.0,73.0,44.0,50.0,9.0,7.0,1.0,0.0
0.0,1.0,18.0,97.0,183.0,323.0,522.0,706.0,907.0,885.0,858.0,626.0,439.0,299.0,239.0,204.0,169.0,147.0,156.0,102.0,115.0,125.0,126.0,115.0,126.0,109.0,99.0,102.0,97.0,110.0,134.0,113.0,134.0,122.0,126.0,123.0,110.0,112.0,109.0,91.0,98.0,95.0,104.0,107.0,107.0,109.0,112.0,125.0,150.0,154.0,192.0,193.0,154.0,143.0,128.0,101.0,93.0,64.0,65.0,63.0,57.0,72.0,56.0,47.0,50.0,65.0,40.0,46.0,36.0,28.0,0.0,2.0,0.0,0.0,0.0,1.0,18.0,97.0,183.0,323.0,522.0,706.0,907.0,885.0,858.0,626.0,439.0,299.0,239.0,204.0,169.0,147.0,156.0,102.0,115.0,125.0,126.0,115.0,126.0,109.0,99.0,102.0,97.0,110.0,134.0,113.0,134.0,122.0,126.0,123.0,110.0,112.0,109.0,91.0,98.0,95.0,104.0,107.0,107.0,109.0,112.0,125.0,150.0,154.0,192.0,193.0,154.0,143.0,128.0,101.0,93.0,64.0,65.0,63.0,57.0,72.0,56.0,47.0,50.0,65.0,40.0,46.0,36.0,28.0,0.0,2.0,0.0,0.0,0.0,1.0,18.0,97.0,183.0,323.0,522.0,706.0,907.0,885.0,858.0,626.0,439.0,299.0,239.0,204.0,169.0,147.0,156.0,102.0,115.0,125.0,126.0,115.0,126.0,109.0,99.0,102.0,97.0,110.0,134.0,113.0,134.0,122.0,126.0,123.0,110.0,112.0,109.0,91.0,98.0,95.0,104.0,107.0,107.0,109.0,112.0,125.0,150.0,154.0,192.0,193.0,154.0,143.0,128.0,101.0,93.0,64.0,65.0,63.0,57.0,72.0,56.0,47.0,50.0,65.0,40.0,46.0,36.0,28.0,0.0,2.0,0.0,0.0
1.0,4.0,17.0,33.0,53.0,131.0,191.0,299.0,304.0,267.0,230.0,199.0,128.0,116.0,99.0,87.0,76.0,64.0,54.0,50.0,46.0,43.0,50.0,56.0,53.0,54.0,71.0,55.0,45.0,46.0,58.0,57.0,57.0,64.0,60.0,54.0,55.0,66.0,41.0,42.0,55.0,57.0,46.0,54.0,62.0,48.0,79.0,67.0,70.0,123.0,135.0,184.0,101.0,97.0,58.0,55.0,47.0,38.0,40.0,32.0,45.0,32.0,31.0,30.0,24.0,31.0,40.0,21.0,9.0,13.0,6.0,2.0,4.0,4.0,1.0,4.0,17.0,33.0,53.0,131.0,191.0,299.0,304.0,267.0,230.0,199.0,128.0,116.0,99.0,87.0,76.0,64.0,54.0,50.0,46.0,43.0,50.0,56.0,53.0,54.0,71.0,55.0,45.0,46.0,58.0,57.0,57.0,64.0,60.0,54.0,55.0,66.0,41.0,42.0,55.0,57.0,46.0,54.0,62.0,48.0,79.0,67.0,70.0,123.0,135.0,184.0,101.0,97.0,58.0,55.0,47.0,38.0,40.0,32.0,45.0,32.0,31.0,30.0,24.0,31.0,40.0,21.0,9.0,13.0,6.0,2.0,4.0,4.0,1.0,4.0,17.0,33.0,53.0,131.0,191.0,299.0,304.0,267.0,230.0,199.0,128.0,116.0,99.0,87.0,76.0,64.0,54.0,50.0,46.0,43.0,50.0,56.0,53.0,54.0,71.0,55.0,45.0,46.0,58.0,57.0,57.0,64.0,60.0,54.0,55.0,66.0,41.0,42.0,55.0,57.0,46.0,54.0,62.0,48.0,79.0,67.0,70.0,123.0,135.0,184.0,101.0,97.0,58.0,55.0,47.0,38.0,40.0,32.0,45.0,32.0,31.0,30.0,24.0,31.0,40.0,21.0,9.0,13.0,6.0,2.0,4.0,4.0
0.0,14.0,7.0,11.0,29.0,55.0,91.0,101.0,118.0,113.0,116.0,80.0,72.0,39.0,32.0,36.0,49.0,50.0,38.0,39.0,36.0,44.0,39.0,46.0,39.0,33.0,36.0,35.0,38.0,42.0,45.0,39.0,28.0,42.0,45.0,47.0,35.0,58.0,43.0,41.0,37.0,45.0,52.0,49.0,58.0,46.0,123.0,111.0,120.0,101.0,80.0,93.0,62.0,35.0,57.0,35.0,24.0,17.0,24.0,13.0,23.0,20.0,13.0,17.0,12.0,11.0,9.0,9.0,13.0,4.0,5.0,4.0,2.0,4.0,0.0,14.0,7.0,11.0,29.0,55.0,91.0,101.0,118.0,113.0,116.0,80.0,72.0,39.0,32.0,36.0,49.0,50.0,38.0,39.0,36.0,44.0,39.0,46.0,39.0,33.0,36.0,35.0,38.0,42.0,45.0,39.0,28.0,42.0,45.0,47.0,35.0,58.0,43.0,41.0,37.0,45.0,52.0,49.0,58.0,46.0,123.0,111.0,120.0,101.0,80.0,93.0,62.0,35.0,57.0,35.0,24.0,17.0,24.0,13.0,23.0,20.0,13.0,17.0,12.0,11.0,9.0,9.0,13.0,4.0,5.0,4.0,2.0,4.0,0.0,14.0,7.0,11.0,29.0,55.0,91.0,101.0,118.0,113.0,116.0,80.0,72.0,39.0,32.0,36.0,49.0,50.0,38.0,39.0,36.0,44.0,39.0,46.0,39.0,33.0,36.0,35.0,38.0,42.0,45.0,39.0,28.0,42.0,45.0,47.0,35.0,58.0,43.0,41.0,37.0,45.0,52.0,49.0,58.0,46.0,123.0,111.0,120.0,101.0,80.0,93.0,62.0,35.0,57.0,35.0,24.0,17.0,24.0,13.0,23.0,20.0,13.0,17.0,12.0,11.0,9.0,9.0,13.0,4.0,5.0,4.0,2.0,4.0
0.0,3.0,10.0,10.0,30.0,45.0,65.0,92.0,113.0,105.0,75.0,84.0,47.0,57.0,51.0,48.0,37.0,33.0,35.0,71.0,65.0,57.0,64.0,42.0,41.0,67.0,68.0,72.0,55.0,51.0,45.0,38.0,47.0,64.0,64.0,76.0,37.0,62.0,47.0,34.0,40.0,57.0,65.0,51.0,51.0,55.0,60.0,127.0,120.0,114.0,77.0,136.0,97.0,74.0,73.0,48.0,48.0,39.0,22.0,39.0,30.0,16.0,11.0,13.0,31.0,14.0,13.0,12.0,5.0,1.0,4.0,1.0,2.0,0.0,0.0,3.0,10.0,10.0,30.0,45.0,65.0,92.0,113.0,105.0,75.0,84.0,47.0,57.0,51.0,48.0,37.0,33.0,35.0,71.0,65.0,57.0,64.0,42.0,41.0,67.0,68.0,72.0,55.0,51.0,45.0,38.0,47.0,64.0,64.0,76.0,37.0,62.0,47.0,34.0,40.0,57.0,65.0,51.0,51.0,55.0,60.0,127.0,120.0,114.0,77.0,136.0,97.0,74.0,73.0,48.0,48.0,39.0,22.0,39.0,30.0,16.0,11.0,13.0,31.0,14.0,13.0,12.0,5.0,1.0,4.0,1.0,2.0,0.0,0.0,3.0,10.0,10.0,30.0,45.0,65.0,92.0,113.0,105.0,75.0,84.0,47.0,57.0,51.0,48.0,37.0,33.0,35.0,71.0,65.0,57.0,64.0,42.0,41.0,67.0,68.0,72.0,55.0,51.0,45.0,38.0,47.0,64.0,64.0,76.0,37.0,62.0,47.0,34.0,40.0,57.0,65.0,51.0,51.0,55.0,60.0,127.0,120.0,114.0,77.0,136.0,97.0,74.0,73.0,48.0,48.0,39.0,22.0,39.0,30.0,16.0,11.0,13.0,31.0,14.0,13.0,12.0,5.0,1.0,4.0,1.0,2.0,0.0
2.0,2.0,2.0,8.0,6.0,13.0,14.0,35.0,19.0,25.0,23.0,14.0,19.0,18.0,16.0,27.0,9.0,15.0,15.0,11.0,16.0,12.0,16.0,12.0,20.0,25.0,10.0,14.0,16.0,10.0,21.0,29.0,25.0,20.0,24.0,22.0,32.0,17.0,18.0,22.0,28.0,23.0,18.0,22.0,32.0,18.0,45.0,68.0,100.0,70.0,96.0,124.0,55.0,41.0,77.0,30.0,35.0,53.0,22.0,21.0,22.0,18.0,13.0,16.0,16.0,18.0,16.0,9.0,10.0,5.0,0.0,8.0,1.0,5.0,2.0,2.0,2.0,8.0,6.0,13.0,14.0,35.0,19.0,25.0,23.0,14.0,19.0,18.0,16.0,27.0,9.0,15.0,15.0,11.0,16.0,12.0,16.0,12.0,20.0,25.0,10.0,14.0,16.0,10.0,21.0,29.0,25.0,20.0,24.0,22.0,32.0,17.0,18.0,22.0,28.0,23.0,18.0,22.0,32.0,18.0,45.0,68.0,100.0,70.0,96.0,124.0,55.0,41.0,77.0,30.0,35.0,53.0,22.0,21.0,22.0,18.0,13.0,16.0,16.0,18.0,16.0,9.0,10.0,5.0,0.0,8.0,1.0,5.0,2.0,2.0,2.0,8.0,6.0,13.0,14.0,35.0,19.0,25.0,23.0,14.0,19.0,18.0,16.0,27.0,9.0,15.0,15.0,11.0,16.0,12.0,16.0,12.0,20.0,25.0,10.0,14.0,16.0,10.0,21.0,29.0,25.0,20.0,24.0,22.0,32.0,17.0,18.0,22.0,28.0,23.0,18.0,22.0,32.0,18.0,45.0,68.0,100.0,70.0,96.0,124.0,55.0,41.0,77.0,30.0,35.0,53.0,22.0,21.0,22.0,18.0,13.0,16.0,16.0,18.0,16.0,9.0,10.0,5.0,0.0,8.0,1.0,5.0
2.0,4.0,4.0,9.0,12.0,34.0,38.0,32.0,45.0,45.0,52.0,50.0,43.0,37.0,31.0,45.0,31.0,33.0,30.0,25.0,24.0,27.0,33.0,26.0,32.0,30.0,41.0,31.0,46.0,37.0,42.0,33.0,43.0,25.0,44.0,34.0,36.0,39.0,26.0,39.0,42.0,42.0,44.0,27.0,46.0,39.0,46.0,73.0,54.0,50.0,75.0,58.0,49.0,43.0,34.0,31.0,32.0,25.0,15.0,21.0,26.0,15.0,19.0,24.0,14.0,16.0,16.0,7.0,7.0,2.0,0.0,5.0,1.0,1.0,2.0,4.0,4.0,9.0,12.0,34.0,38.0,32.0,45.0,45.0,52.0,50.0,43.0,37.0,31.0,45.0,31.0,33.0,30.0,25.0,24.0,27.0,33.0,26.0,32.0,30.0,41.0,31.0,46.0,37.0,42.0,33.0,43.0,25.0,44.0,34.0,36.0,39.0,26.0,39.0,42.0,42.0,44.0,27.0,46.0,39.0,46.0,73.0,54.0,50.0,75.0,58.0,49.0,43.0,34.0,31.0,32.0,25.0,15.0,21.0,26.0,15.0,19.0,24.0,14.0,16.0,16.0,7.0,7.0,2.0,0.0,5.0,1.0,1.0,2.0,4.0,4.0,9.0,12.0,34.0,38.0,32.0,45.0,45.0,52.0,50.0,43.0,37.0,31.0,45.0,31.0,33.0,30.0,25.0,24.0,27.0,33.0,26.0,32.0,30.0,41.0,31.0,46.0,37.0,42.0,33.0,43.0,25.0,44.0,34.0,36.0,39.0,26.0,39.0,42.0,42.0,44.0,27.0,46.0,39.0,46.0,73.0,54.0,50.0,75.0,58.0,49.0,43.0,34.0,31.0,32.0,25.0,15.0,21.0,26.0,15.0,19.0,24.0,14.0,16.0,16.0,7.0,7.0,2.0,0.0,5.0,1.0,1.0
0.0,20.0,3.0,4.0,2.0,6.0,4.0,5.0,19.0,14.0,14.0,13.0,15.0,6.0,10.0,14.0,10.0,3.0,10.0,14.0,10.0,6.0,11.0,2.0,11.0,2.0,2.0,3.0,0.0,4.0,8.0,7.0,6.0,5.0,4.0,5.0,4.0,10.0,5.0,4.0,5.0,8.0,5.0,8.0,6.0,3.0,7.0,7.0,3.0,9.0,2.0,7.0,5.0,10.0,13.0,8.0,6.0,6.0,4.0,4.0,6.0,1.0,4.0,0.0,3.0,3.0,3.0,10.0,1.0,3.0,1.0,4.0,4.0,1.0,0.0,20.0,3.0,4.0,2.0,6.0,4.0,5.0,19.0,14.0,14.0,13.0,15.0,6.0,10.0,14.0,10.0,3.0,10.0,14.0,10.0,6.0,11.0,2.0,11.0,2.0,2.0,3.0,0.0,4.0,8.0,7.0,6.0,5.0,4.0,5.0,4.0,10.0,5.0,4.0,5.0,8.0,5.0,8.0,6.0,3.0,7.0,7.0,3.0,9.0,2.0,7.0,5.0,10.0,13.0,8.0,6.0,6.0,4.0,4.0,6.0,1.0,4.0,0.0,3.0,3.0,3.0,10.0,1.0,3.0,1.0,4.0,4.0,1.0,0.0,20.0,3.0,4.0,2.0,6.0,4.0,5.0,19.0,14.0,14.0,13.0,15.0,6.0,10.0,14.0,10.0,3.0,10.0,14.0,10.0,6.0,11.0,2.0,11.0,2.0,2.0,3.0,0.0,4.0,8.0,7.0,6.0,5.0,4.0,5.0,4.0,10.0,5.0,4.0,5.0,8.0,5.0,8.0,6.0,3.0,7.0,7.0,3.0,9.0,2.0,7.0,5.0,10.0,13.0,8.0,6.0,6.0,4.0,4.0,6.0,1.0,4.0,0.0,3.0,3.0,3.0,10.0,1.0,3.0,1.0,4.0,4.0,1.0
0.0,3.0,3.0,7.0,13.0,23.0,41.0,32.0,40.0,29.0,45.0,35.0,43.0,28.0,29.0,31.0,20.0,31.0,25.0,31.0,29.0,13.0,23.0,17.0,28.0,27.0,28.0,21.0,21.0,27.0,24.0,16.0,20.0,9.0,13.0,19.0,33.0,27.0,18.0,30.0,20.0,18.0,24.0,31.0,19.0,14.0,13.0,27.0,20.0,21.0,19.0,25.0,24.0,24.0,16.0,15.0,4.0,16.0,10.0,6.0,7.0,14.0,11.0,4.0,20.0,11.0,11.0,8.0,10.0,0.0,3.0,2.0,1.0,8.0,0.0,3.0,3.0,7.0,13.0,23.0,41.0,32.0,40.0,29.0,45.0,35.0,43.0,28.0,29.0,31.0,20.0,31.0,25.0,31.0,29.0,13.0,23.0,17.0,28.0,27.0,28.0,21.0,21.0,27.0,24.0,16.0,20.0,9.0,13.0,19.0,33.0,27.0,18.0,30.0,20.0,18.0,24.0,31.0,19.0,14.0,13.0,27.0,20.0,21.0,19.0,25.0,24.0,24.0,16.0,15.0,4.0,16.0,10.0,6.0,7.0,14.0,11.0,4.0,20.0,11.0,11.0,8.0,10.0,0.0,3.0,2.0,1.0,8.0,0.0,3.0,3.0,7.0,13.0,23.0,41.0,32.0,40.0,29.0,45.0,35.0,43.0,28.0,29.0,31.0,20.0,31.0,25.0,31.0,29.0,13.0,23.0,17.0,28.0,27.0,28.0,21.0,21.0,27.0,24.0,16.0,20.0,9.0,13.0,19.0,33.0,27.0,18.0,30.0,20.0,18.0,24.0,31.0,19.0,14.0,13.0,27.0,20.0,21.0,19.0,25.0,24.0,24.0,16.0,15.0,4.0,16.0,10.0,6.0,7.0,14.0,11.0,4.0,20.0,11.0,11.0,8.0,10.0,0.0,3.0,2.0,1.0,8.0
1.0,8.0,14.0,11.0,38.0,62.0,74.0,77.0,67.0,83.0,77.0,61.0,67.0,81.0,51.0,50.0,51.0,50.0,52.0,40.0,42.0,33.0,63.0,42.0,46.0,48.0,38.0,46.0,53.0,34.0,33.0,38.0,43.0,70.0,39.0,50.0,40.0,68.0,26.0,38.0,62.0,63.0,46.0,63.0,35.0,48.0,36.0,56.0,48.0,47.0,22.0,47.0,46.0,33.0,33.0,34.0,32.0,16.0,30.0,14.0,17.0,12.0,14.0,16.0,5.0,10.0,9.0,19.0,2.0,0.0,0.0,0.0,0.0,0.0,1.0,8.0,14.0,11.0,38.0,62.0,74.0,77.0,67.0,83.0,77.0,61.0,67.0,81.0,51.0,50.0,51.0,50.0,52.0,40.0,42.0,33.0,63.0,42.0,46.0,48.0,38.0,46.0,53.0,34.0,33.0,38.0,43.0,70.0,39.0,50.0,40.0,68.0,26.0,38.0,62.0,63.0,46.0,63.0,35.0,48.0,36.0,56.0,48.0,47.0,22.0,47.0,46.0,33.0,33.0,34.0,32.0,16.0,30.0,14.0,17.0,12.0,14.0,16.0,5.0,10.0,9.0,19.0,2.0,0.0,0.0,0.0,0.0,0.0,1.0,8.0,14.0,11.0,38.0,62.0,74.0,77.0,67.0,83.0,77.0,61.0,67.0,81.0,51.0,50.0,51.0,50.0,52.0,40.0,42.0,33.0,63.0,42.0,46.0,48.0,38.0,46.0,53.0,34.0,33.0,38.0,43.0,70.0,39.0,50.0,40.0,68.0,26.0,38.0,62.0,63.0,46.0,63.0,35.0,48.0,36.0,56.0,48.0,47.0,22.0,47.0,46.0,33.0,33.0,34.0,32.0,16.0,30.0,14.0,17.0,12.0,14.0,16.0,5.0,10.0,9.0,19.0,2.0,0.0,0.0,0.0,0.0,0.0
,,,,,,,,,,,,,,,,,,,,,,,,,,,,,,,,,,,,,,,,,,,,,,,,,,,,,,,,,,,,,,,,,,,,,,,,,,,,,,,,,,,,,,,,,,,,,,,,,,,,,,,,,,,,,,,,,,,,,,,,,,,,,,,,,,,,,,,,,,,,,,,,,,,,,,,,,,,,,,,,,,,,,,,,,,,,,,,,,,,,,,,,,,,,,,,,,,,,,,,,,,,,,,,,,,,,,,,,,,,,,
,,,,,,,,,,,,,,,,,,,,,,,,,,,,,,,,,,,,,,,,,,,,,,,,,,,,,,,,,,,,,,,,,,,,,,,,,,,,,,,,,,,,,,,,,,,,,,,,,,,,,,,,,,,,,,,,,,,,,,,,,,,,,,,,,,,,,,,,,,,,,,,,,,,,,,,,,,,,,,,,,,,,,,,,,,,,,,,,,,,,,,,,,,,,,,,,,,,,,,,,,,,,,,,,,,,,,,,,,,,,,
,,,,,,,,,,,,,,,,,,,,,,,,,,,,,,,,,,,,,,,,,,,,,,,,,,,,,,,,,,,,,,,,,,,,,,,,,,,,,,,,,,,,,,,,,,,,,,,,,,,,,,,,,,,,,,,,,,,,,,,,,,,,,,,,,,,,,,,,,,,,,,,,,,,,,,,,,,,,,,,,,,,,,,,,,,,,,,,,,,,,,,,,,,,,,,,,,,,,,,,,,,,,,,,,,,,,,,,,,,,,,
,,,,,,,,,,,,,,,,,,,,,,,,,,,,,,,,,,,,,,,,,,,,,,,,,,,,,,,,,,,,,,,,,,,,,,,,,,,,,,,,,,,,,,,,,,,,,,,,,,,,,,,,,,,,,,,,,,,,,,,,,,,,,,,,,,,,,,,,,,,,,,,,,,,,,,,,,,,,,,,,,,,,,,,,,,,,,,,,,,,,,,,,,,,,,,,,,,,,,,,,,,,,,,,,,,,,,,,,,,,,,
